date,song_name,rank,streams,previous_rank,peak_rank,total_days,streak,movement
2026-03-21,The Fate of Ophelia,29,173196,36.0,2,170,170,+7
2026-03-21,Opalite,178,76606,200.0,8,170,170,+22
2026-03-20,The Fate of Ophelia,36,161280,32.0,2,169,169,-4
2026-03-20,Opalite,200,72257,173.0,8,169,169,-27
2026-03-19,The Fate of Ophelia,32,155224,36.0,2,168,168,+4
2026-03-19,Opalite,173,66291,195.0,8,168,168,+22
2026-03-18,The Fate of Ophelia,36,159060,32.0,2,167,167,-4
2026-03-18,Opalite,195,66525,181.0,8,167,167,-14
2026-03-17,The Fate of Ophelia,32,151592,37.0,2,166,166,+5
2026-03-17,Opalite,181,65314,194.0,8,166,166,+13
2026-03-16,The Fate of Ophelia,37,141310,36,2,165,165,-1
2026-03-16,Opalite,194,59210,,8,165,165,RE
2026-03-15,The Fate of Ophelia,36,140497,35,2,164,164,-1
2026-03-14,The Fate of Ophelia,35,174461,44,2,163,163,+9
2026-03-14,Opalite,186,69952,,8,163,163,RE
2026-03-13,The Fate of Ophelia,44,166500,22,2,162,162,-22
2026-03-12,The Fate of Ophelia,22,155693,25,2,161,161,+3
2026-03-12,Opalite,165,62587,180,8,161,161,+15
2026-03-11,The Fate of Ophelia,25,161902,23,2,160,160,-2
2026-03-11,Opalite,180,62284,173,8,160,160,-7
2026-03-10,The Fate of Ophelia,23,157197,24,2,159,159,+1
2026-03-10,Opalite,173,61407,175,8,159,159,+2
2026-03-09,The Fate of Ophelia,24,154677,26,2,158,158,+2
2026-03-09,Opalite,175,59905,,8,158,158,RE
2026-03-08,The Fate of Ophelia,26,149126,21,,157,157,-5
2026-03-07,The Fate of Ophelia,21,187208,23,,156,156,+2
2026-03-07,Opalite,171,69419,185,,156,156,+14
2026-03-06,The Fate of Ophelia,23,172922,22,,155,155,-1
2026-03-06,Opalite,185,65992,154,,155,155,-31
2026-03-05,The Fate of Ophelia,22,161811,19,,154,154,-3
2026-03-05,Opalite,154,65805,158,,154,154,+4
2026-03-04,The Fate of Ophelia,19,172227,21,,153,153,+2
2026-03-04,Opalite,158,68090,143,,153,153,-15
2026-03-03,The Fate of Ophelia,21,165553,21,,152,152,0
2026-03-03,Opalite,143,66262,149,,152,152,+6
2026-03-02,The Fate of Ophelia,21,162572,23,,151,151,+2
2026-03-02,Opalite,149,63999,162,,151,151,+13
2026-03-01,The Fate of Ophelia,23,156668,19,,150,150,-4
2026-03-01,Opalite,162,59916,137,,150,150,-25
2026-02-28,The Fate of Ophelia,19,198607,21,,149,149,+2
2026-02-28,Opalite,137,75960,143,,149,149,+6
2026-02-27,The Fate of Ophelia,21,192080,22,,148,148,+1
2026-02-27,Opalite,143,74606,151,,148,148,+8
2026-02-26,The Fate of Ophelia,22,177479,22,,147,147,0
2026-02-26,Opalite,151,68235,154,,147,147,+3
2026-02-25,The Fate of Ophelia,22,178671,21,,146,146,-1
2026-02-25,Opalite,154,68744,140,,146,146,-14
2026-02-24,The Fate of Ophelia,21,175304,20,,145,145,-1
2026-02-24,Opalite,140,68773,144,,145,145,+4
2026-02-23,The Fate of Ophelia,20,168619,19,,144,144,-1
2026-02-23,Opalite,144,66331,164,,144,144,+20
2026-02-22,The Fate of Ophelia,19,151942,21,,143,143,+2
2026-02-22,Opalite,164,55878,141,,143,143,-23
2026-02-21,The Fate of Ophelia,21,192562,23,,142,142,+2
2026-02-21,Opalite,141,73631,152,,142,142,+11
2026-02-20,The Fate of Ophelia,23,186724,23,,141,141,0
2026-02-20,Opalite,152,72423,145,,141,141,-7
2026-02-19,The Fate of Ophelia,23,168846,23,,140,140,0
2026-02-19,Opalite,145,67233,150,,140,140,+5
2026-02-18,The Fate of Ophelia,23,172239,24,,139,139,+1
2026-02-18,Opalite,150,68270,151,,139,139,+1
2026-02-17,The Fate of Ophelia,24,178780,26,,138,138,+2
2026-02-17,Opalite,151,71715,153,,138,138,+2
2026-02-16,The Fate of Ophelia,26,174124,24,,137,137,-2
2026-02-16,Opalite,153,69289,176,,137,137,+23
2026-02-15,The Fate of Ophelia,24,153412,23,,136,136,-1
2026-02-15,Opalite,176,57764,138,,136,136,-38
2026-02-14,The Fate of Ophelia,23,199578,23,,135,135,0
2026-02-14,Opalite,138,83374,141,,135,135,+3
2026-02-13,The Fate of Ophelia,23,197769,23,,134,134,0
2026-02-13,Opalite,141,80546,136,,134,134,-5
2026-02-12,The Fate of Ophelia,23,175517,23,,133,133,0
2026-02-12,Opalite,136,72152,136,,133,133,0
2026-02-11,The Fate of Ophelia,23,187158,24,,132,132,+1
2026-02-11,Opalite,136,74373,124,,132,132,-12
2026-02-10,The Fate of Ophelia,24,179003,23,,131,131,-1
2026-02-10,Opalite,124,74030,124,,131,131,0
2026-02-09,The Fate of Ophelia,23,180283,17,,130,130,-6
2026-02-09,Opalite,124,75848,104,,130,130,-20
2026-02-08,The Fate of Ophelia,17,175271,15,,129,129,-2
2026-02-08,Opalite,104,75847,75,,129,129,-29
2026-02-07,The Fate of Ophelia,15,228174,18,,128,128,+3
2026-02-07,Opalite,75,109217,59,,128,128,-16
2026-02-06,The Fate of Ophelia,18,209814,16,,127,127,-2
2026-02-06,Opalite,59,123266,196,,127,127,+137
2026-02-05,Opalite,196,58023,,,126,126,RE
2026-02-04,The Fate of Ophelia,16,202975,16,,125,125,0
2026-02-03,The Fate of Ophelia,16,189767,16,,124,124,0
2026-02-02,The Fate of Ophelia,16,188157,17,,123,123,+1
2026-02-01,The Fate of Ophelia,17,179556,16,,122,122,-1
2026-01-31,The Fate of Ophelia,16,230023,15,,121,121,-1
2026-01-30,The Fate of Ophelia,15,217023,15,,120,120,0
2026-01-29,The Fate of Ophelia,15,203064,15,,119,119,0
2026-01-28,The Fate of Ophelia,15,213795,15,,118,118,0
2026-01-27,Opalite,196,56863,,,117,117,RE
2026-01-26,The Fate of Ophelia,15,196609,15,,116,116,0
2026-01-25,The Fate of Ophelia,15,187980,14,,115,115,-1
2026-01-24,The Fate of Ophelia,14,235606,15,,114,114,+1
2026-01-23,The Fate of Ophelia,15,223761,14,,113,113,-1
2026-01-22,The Fate of Ophelia,14,209321,14,,112,112,0
2026-01-21,The Fate of Ophelia,14,219115,14,,111,111,0
2026-01-20,The Fate of Ophelia,14,208306,13,,110,110,-1
2026-01-19,The Fate of Ophelia,13,204716,15,,109,109,+2
2026-01-18,The Fate of Ophelia,15,186944,14,,108,108,-1
2026-01-17,The Fate of Ophelia,14,250696,14,,107,107,0
2026-01-16,The Fate of Ophelia,14,235643,12,,106,106,-2
2026-01-15,The Fate of Ophelia,12,227018,12,,105,105,0
2026-01-14,The Fate of Ophelia,12,239592,12,,104,104,0
2026-01-13,The Fate of Ophelia,12,234297,14,,103,103,+2
2026-01-12,The Fate of Ophelia,14,232056,12,,102,102,-2
2026-01-11,The Fate of Ophelia,12,216994,12,,101,101,0
2026-01-10,The Fate of Ophelia,12,270003,25,,100,100,+13
2026-01-09,The Fate of Ophelia,25,262444,10,,99,99,-15
2026-01-08,The Fate of Ophelia,10,230386,10,,98,98,0
2026-01-07,The Fate of Ophelia,10,219736,10,,97,97,0
2026-01-06,The Fate of Ophelia,10,218576,9,,96,96,-1
2026-01-05,The Fate of Ophelia,9,224778,9,,95,95,0
2026-01-04,The Fate of Ophelia,9,204383,8,,94,94,-1
2026-01-03,The Fate of Ophelia,8,241078,9,,93,93,+1
2026-01-02,The Fate of Ophelia,9,237973,9,,92,92,0
2026-01-01,The Fate of Ophelia,9,188568,8,,91,91,-1
2025-12-31,The Fate of Ophelia,8,374317,7,,90,90,-1
2025-12-30,The Fate of Ophelia,7,251580,6,,89,89,-1
2025-12-29,The Fate of Ophelia,6,243087,9,,88,88,+3
2025-12-28,The Fate of Ophelia,9,209855,8,,87,87,-1
2025-12-27,The Fate of Ophelia,8,240531,8,,86,86,0
2025-12-26,The Fate of Ophelia,8,232223,25,,85,85,+17
2025-12-25,The Fate of Ophelia,25,189223,34,,84,84,+9
2025-12-24,The Fate of Ophelia,34,295880,7,,83,83,-27
2025-12-23,The Fate of Ophelia,7,265314,7,,82,82,0
2025-12-22,The Fate of Ophelia,7,261869,9,,81,81,+2
2025-12-21,The Fate of Ophelia,9,227024,8,,80,80,-1
2025-12-20,The Fate of Ophelia,8,274593,8,,79,79,0
2025-12-19,The Fate of Ophelia,8,264958,7,,78,78,-1
2025-12-18,The Fate of Ophelia,7,241752,7,,77,77,0
2025-12-17,The Fate of Ophelia,7,246004,7,,76,76,0
2025-12-16,The Fate of Ophelia,7,238095,7,,75,75,0
2025-12-15,The Fate of Ophelia,7,235723,7,,74,74,0
2025-12-14,The Fate of Ophelia,7,211553,7,,73,73,0
2025-12-13,The Fate of Ophelia,7,269050,7,,72,72,0
2025-12-12,The Fate of Ophelia,7,262071,7,,71,71,0
2025-12-11,The Fate of Ophelia,7,236252,7,,70,70,0
2025-12-10,The Fate of Ophelia,7,239145,6,,69,69,-1
2025-12-09,The Fate of Ophelia,6,233723,7,,68,68,+1
2025-12-08,The Fate of Ophelia,7,227446,9,,67,67,+2
2025-12-07,The Fate of Ophelia,9,199469,10,,66,66,+1
2025-12-06,The Fate of Ophelia,10,242895,7,,65,65,-3
2025-12-05,The Fate of Ophelia,7,241069,8,,64,64,+1
2025-12-04,The Fate of Ophelia,8,221604,8,,63,63,0
2025-12-03,The Fate of Ophelia,8,233917,8,,62,62,0
2025-12-02,The Fate of Ophelia,8,225172,7,,61,61,-1
2025-12-01,The Fate of Ophelia,7,223006,8,,60,60,+1
2025-11-30,The Fate of Ophelia,8,202903,11,,59,59,+3
2025-11-29,The Fate of Ophelia,11,252080,7,,58,58,-4
2025-11-28,The Fate of Ophelia,7,257838,6,,57,57,-1
2025-11-27,The Fate of Ophelia,6,231529,6,,56,56,0
2025-11-26,The Fate of Ophelia,6,238825,6,,55,55,0
2025-11-25,The Fate of Ophelia,6,231524,8,,54,54,+2
2025-11-24,The Fate of Ophelia,8,225480,9,,53,53,+1
2025-11-23,The Fate of Ophelia,9,196298,9,,52,52,0
2025-11-22,The Fate of Ophelia,9,249744,8,,51,51,-1
2025-11-21,The Fate of Ophelia,8,247146,8,,50,50,0
2025-11-20,The Fate of Ophelia,8,231665,8,,49,49,0
2025-11-19,The Fate of Ophelia,8,234175,8,,48,48,0
2025-11-18,The Fate of Ophelia,8,229361,8,,47,47,0
2025-11-17,The Fate of Ophelia,8,228664,9,,46,46,+1
2025-11-16,The Fate of Ophelia,9,199736,12,,45,45,+3
2025-11-15,The Fate of Ophelia,12,253735,8,,44,44,-4
2025-11-14,The Fate of Ophelia,8,251036,6,,43,43,-2
2025-11-13,The Fate of Ophelia,6,238025,8,,42,42,+2
2025-11-12,The Fate of Ophelia,8,244835,8,,41,41,0
2025-11-11,The Fate of Ophelia,8,229173,8,,40,40,0
2025-11-10,The Fate of Ophelia,8,244627,10,,39,39,+2
2025-11-09,The Fate of Ophelia,10,207196,15,,38,38,+5
2025-11-08,The Fate of Ophelia,15,258570,24,,37,37,+9
2025-11-07,The Fate of Ophelia,24,252679,7,,36,36,-17
2025-11-06,The Fate of Ophelia,7,226272,12,,35,35,+5
2025-11-05,The Fate of Ophelia,12,225041,7,,34,34,-5
2025-11-04,The Fate of Ophelia,7,218186,8,,33,33,+1
2025-11-04,Opalite,154,67753,186,,33,33,+32
2025-11-03,Opalite,186,60259,,,32,32,RE
2025-11-02,The Fate of Ophelia,16,187029,17,,31,31,+1
2025-11-01,The Fate of Ophelia,17,207344,16,,30,30,-1
2025-10-31,The Fate of Ophelia,16,242392,16,,29,29,0
2025-10-30,The Fate of Ophelia,16,221064,15,,28,28,-1
2025-10-29,The Fate of Ophelia,15,216566,14,,27,27,-1
2025-10-28,The Fate of Ophelia,14,221636,15,,26,26,+1
2025-10-27,The Fate of Ophelia,15,218608,15,,25,25,0
2025-10-26,The Fate of Ophelia,15,187638,15,,24,24,0
2025-10-25,The Fate of Ophelia,15,224742,14,,23,23,-1
2025-10-24,The Fate of Ophelia,14,243962,14,,22,22,0
2025-10-24,Opalite,172,71824,164,,22,22,-8
2025-10-23,The Fate of Ophelia,14,225728,14,,21,21,0
2025-10-23,Opalite,164,68717,143,,21,21,-21
2025-10-22,The Fate of Ophelia,14,230303,14,,20,20,0
2025-10-22,Opalite,143,71802,141,,20,20,-2
2025-10-21,The Fate of Ophelia,14,233415,14,,19,19,0
2025-10-21,Opalite,141,72546,123,,19,19,-18
2025-10-20,The Fate of Ophelia,14,237670,18,,18,18,+4
2025-10-20,Opalite,123,78021,143,,18,18,+20
2025-10-19,The Fate of Ophelia,18,199592,16,,17,17,-2
2025-10-19,Opalite,143,66103,136,,17,17,-7
2025-10-18,The Fate of Ophelia,16,250073,11,,16,16,-5
2025-10-18,Opalite,136,81318,102,,16,16,-34
2025-10-17,The Fate of Ophelia,11,265370,6,,15,15,-5
2025-10-17,Opalite,102,92292,78,,15,15,-24
2025-10-17,Elizabeth Taylor,193,69879,149,,15,15,-44
2025-10-16,The Fate of Ophelia,6,258450,11,,14,14,+5
2025-10-16,Opalite,78,94227,79,,14,14,+1
2025-10-16,Elizabeth Taylor,149,69747,139,,14,14,-10
2025-10-15,The Fate of Ophelia,11,271422,6,,13,13,-5
2025-10-15,Opalite,79,101841,61,,13,13,-18
2025-10-15,Elizabeth Taylor,139,75121,104,,13,13,-35
2025-10-14,The Fate of Ophelia,6,271629,6,,12,12,0
2025-10-14,Opalite,61,105088,58,,12,12,-3
2025-10-14,Elizabeth Taylor,104,80968,96,,12,12,-8
2025-10-14,Father Figure,185,63045,156,,12,12,-29
2025-10-13,CANCELLED!,171,63304,,,11,11,RE
2025-10-12,The Fate of Ophelia,9,240167,9,,10,10,0
2025-10-12,Opalite,69,99288,75,,10,10,+6
2025-10-12,Elizabeth Taylor,108,76755,97,,10,10,-11
2025-10-12,Father Figure,184,59865,169,,10,10,-15
2025-10-11,The Fate of Ophelia,9,299787,7,,9,9,-2
2025-10-11,Opalite,75,117414,43,,9,9,-32
2025-10-11,Elizabeth Taylor,97,97869,85,,9,9,-12
2025-10-11,Father Figure,169,73760,131,,9,9,-38
2025-10-11,CANCELLED!,189,71084,143,,9,9,-46
2025-10-10,The Fate of Ophelia,7,328730,7,,8,8,0
2025-10-10,Opalite,43,147389,40,,8,8,-3
2025-10-10,Elizabeth Taylor,85,110140,51,,8,8,-34
2025-10-10,Father Figure,131,86420,87,,8,8,-44
2025-10-10,CANCELLED!,143,82499,95,,8,8,-48
2025-10-10,The Life of a Showgirl (feat. Sabrina Carpenter),147,81886,131,,8,8,-16
2025-10-09,The Fate of Ophelia,7,289432,6,,7,7,-1
2025-10-09,Opalite,40,134614,39,,7,7,-1
2025-10-09,Elizabeth Taylor,51,120551,44,,7,7,-7
2025-10-09,Father Figure,87,92902,73,,7,7,-14
2025-10-09,CANCELLED!,95,87233,81,,7,7,-14
2025-10-09,The Life of a Showgirl (feat. Sabrina Carpenter),131,75748,107,,7,7,-24
2025-10-09,Actually Romantic,143,72879,115,,7,7,-28
2025-10-09,Eldest Daughter,147,72151,126,,7,7,-21
2025-10-09,Wood,154,70981,120,,7,7,-34
2025-10-09,Wi$h Li$t,157,70502,129,,7,7,-28
2025-10-09,Ruin The Friendship,163,68639,140,,7,7,-23
2025-10-08,The Fate of Ophelia,6,308979,5,,6,6,-1
2025-10-08,Opalite,39,149339,35,,6,6,-4
2025-10-08,Elizabeth Taylor,44,138182,39,,6,6,-5
2025-10-08,Father Figure,73,108185,58,,6,6,-15
2025-10-08,CANCELLED!,81,101649,67,,6,6,-14
2025-10-08,The Life of a Showgirl (feat. Sabrina Carpenter),107,88041,86,,6,6,-21
2025-10-08,Actually Romantic,115,85551,90,,6,6,-25
2025-10-08,Wood,120,84002,97,,6,6,-23
2025-10-08,Eldest Daughter,126,83184,92,,6,6,-34
2025-10-08,Wi$h Li$t,129,81847,96,,6,6,-33
2025-10-08,Ruin The Friendship,140,78154,104,,6,6,-36
2025-10-08,Honey,195,66538,141,,6,6,-54
2025-10-07,The Fate of Ophelia,5,311775,6,,5,5,+1
2025-10-07,Opalite,35,155325,30,,5,5,-5
2025-10-07,Elizabeth Taylor,39,144389,32,,5,5,-7
2025-10-07,Father Figure,58,115955,46,,5,5,-12
2025-10-07,CANCELLED!,67,106591,53,,5,5,-14
2025-10-07,The Life of a Showgirl (feat. Sabrina Carpenter),86,94135,66,,5,5,-20
2025-10-07,Actually Romantic,90,92290,67,,5,5,-23
2025-10-07,Eldest Daughter,92,91434,70,,5,5,-22
2025-10-07,Wi$h Li$t,96,88231,81,,5,5,-15
2025-10-07,Wood,97,87910,80,,5,5,-17
2025-10-07,Ruin The Friendship,104,85992,79,,5,5,-25
2025-10-07,Honey,141,72155,110,,5,5,-31
2025-10-06,The Fate of Ophelia,6,290735,6,,4,4,0
2025-10-06,Opalite,30,167041,31,,4,4,+1
2025-10-06,Elizabeth Taylor,32,160113,32,,4,4,0
2025-10-06,Father Figure,46,128562,47,,4,4,+1
2025-10-06,CANCELLED!,53,121016,57,,4,4,+4
2025-10-06,The Life of a Showgirl (feat. Sabrina Carpenter),66,105387,72,,4,4,+6
2025-10-06,Actually Romantic,67,104842,76,,4,4,+9
2025-10-06,Eldest Daughter,70,103872,71,,4,4,+1
2025-10-06,Ruin The Friendship,79,98143,79,,4,4,0
2025-10-06,Wood,80,97965,84,,4,4,+4
2025-10-06,Wi$h Li$t,81,97689,83,,4,4,+2
2025-10-06,Honey,110,82793,113,,4,4,+3
2025-10-05,The Fate of Ophelia,6,241617,10,,3,3,+4
2025-10-05,Opalite,31,147283,29,,3,3,-2
2025-10-05,Elizabeth Taylor,32,145409,28,,3,3,-4
2025-10-05,Father Figure,47,115026,42,,3,3,-5
2025-10-05,CANCELLED!,57,108646,48,,3,3,-9
2025-10-05,Eldest Daughter,71,97640,62,,3,3,-9
2025-10-05,The Life of a Showgirl (feat. Sabrina Carpenter),72,97161,59,,3,3,-13
2025-10-05,Actually Romantic,76,95293,65,,3,3,-11
2025-10-05,Ruin The Friendship,79,93679,70,,3,3,-9
2025-10-05,Wi$h Li$t,83,92099,72,,3,3,-11
2025-10-05,Wood,84,91936,71,,3,3,-13
2025-10-05,Honey,113,78276,91,,3,3,-22
2025-10-04,The Fate of Ophelia,10,281216,2,,2,2,-8
2025-10-04,Elizabeth Taylor,28,184247,5,,2,2,-23
2025-10-04,Opalite,29,180785,8,,2,2,-21
2025-10-04,Father Figure,42,148012,14,,2,2,-28
2025-10-04,CANCELLED!,48,142691,20,,2,2,-28
2025-10-04,The Life of a Showgirl (feat. Sabrina Carpenter),59,131119,22,,2,2,-37
2025-10-04,Eldest Daughter,62,129709,18,,2,2,-44
2025-10-04,Actually Romantic,65,127803,21,,2,2,-44
2025-10-04,Ruin The Friendship,70,123437,23,,2,2,-47
2025-10-04,Wood,71,123396,28,,2,2,-43
2025-10-04,Wi$h Li$t,72,122692,27,,2,2,-45
2025-10-04,Honey,91,105197,36,,2,2,-55
2025-10-03,The Fate of Ophelia,2,476365,,,1,1,RE
2025-10-03,Elizabeth Taylor,5,323455,,,1,1,RE
2025-10-03,Opalite,8,310631,,,1,1,RE
2025-10-03,Father Figure,14,273554,,,1,1,RE
2025-10-03,Eldest Daughter,18,253378,,,1,1,RE
2025-10-03,CANCELLED!,20,249570,,,1,1,RE
2025-10-03,Actually Romantic,21,243248,,,1,1,RE
2025-10-03,The Life of a Showgirl (feat. Sabrina Carpenter),22,241988,,,1,1,RE
2025-10-03,Ruin The Friendship,23,237680,,,1,1,RE
2025-10-03,Wi$h Li$t,27,230260,,,1,1,RE
2025-10-03,Wood,28,226036,,,1,1,RE
2025-10-03,Honey,36,198422,,,1,1,RE
2024-09-03,Cruel Summer,181,54730,178,,576,536,-3
2024-09-02,Cruel Summer,178,56438,181,36,575,535,+3
2024-09-01,Cruel Summer,181,54569,191,36,574,534,+10
2024-08-31,Cruel Summer,191,62191,-1,36,573,533,RE
2024-08-29,Cruel Summer,188,62039,,,571,531,RE
2024-08-26,Cruel Summer,199,58113,200,,568,528,+1
2024-08-25,Cruel Summer,200,52828,189,,567,527,-11
2024-08-24,Cruel Summer,189,62065,194,,566,526,+5
2024-08-23,Cruel Summer,194,61498,186,,565,525,-8
2024-08-22,Cruel Summer,186,59753,158,,564,524,-28
2024-08-21,Cruel Summer,158,64466,161,,563,523,+3
2024-08-20,Cruel Summer,161,62785,181,,562,522,+20
2024-08-19,Cruel Summer,181,60736,193,,561,521,+12
2024-08-18,Cruel Summer,193,53317,,,560,520,RE
2024-08-16,Cruel Summer,192,59685,,,558,518,RE
2024-08-14,Cruel Summer,194,58853,169,36,556,516,-25
2024-08-13,Cruel Summer,169,60121,179,36,555,515,+10
2024-08-12,Cruel Summer,179,59009,184,36,554,514,+5
2024-08-11,Cruel Summer,184,52576,169,36,553,513,-15
2024-08-10,Cruel Summer,169,63855,179,,552,512,+10
2024-08-09,Cruel Summer,179,60323,153,,551,511,-26
2024-08-08,Cruel Summer,153,63252,185,,550,510,+32
2024-08-07,Cruel Summer,185,57912,168,,549,509,-17
2024-08-06,Cruel Summer,168,60363,173,,548,508,+5
2024-08-05,Cruel Summer,173,60435,185,,547,507,+12
2024-08-04,Cruel Summer,185,54591,189,,546,506,+4
2024-08-03,Cruel Summer,189,62118,171,,545,505,-18
2024-08-02,Cruel Summer,171,65951,168,,544,504,-3
2024-08-01,Cruel Summer,168,62719,179,,543,503,+11
2024-07-31,Cruel Summer,179,58749,177,,542,502,-2
2024-07-30,Cruel Summer,177,59948,176,,541,501,-1
2024-07-29,Cruel Summer,176,60986,190,,540,500,+14
2024-07-28,Cruel Summer,190,54236,,,539,499,RE
2024-07-25,Cruel Summer,190,63308,165,36,536,496,-25
2024-07-24,Cruel Summer,165,65983,158,36,535,495,-7
2024-07-23,Cruel Summer,158,67839,163,36,534,494,+5
2024-07-22,Cruel Summer,163,68075,167,,533,493,+4
2024-07-21,Cruel Summer,167,59292,174,,532,492,+7
2024-07-20,Cruel Summer,174,69674,167,,531,491,-7
2024-07-19,Cruel Summer,167,74085,152,,530,490,-15
2024-07-18,Fortnight (feat. Post Malone),100,88436,70,,91,91,-30
2024-07-18,Cruel Summer,152,70106,145,,529,489,-7
2024-07-17,Fortnight (feat. Post Malone),70,98438,69,,90,90,-1
2024-07-17,Cruel Summer,145,69207,137,,528,488,-8
2024-07-16,Fortnight (feat. Post Malone),69,98626,71,,89,89,+2
2024-07-16,Cruel Summer,137,71743,134,,527,487,-3
2024-07-15,Fortnight (feat. Post Malone),71,95410,78,,88,88,+7
2024-07-15,Cruel Summer,134,69820,153,,526,486,+19
2024-07-14,Fortnight (feat. Post Malone),78,84561,73,,87,87,-5
2024-07-14,Cruel Summer,153,60146,162,,525,485,+9
2024-07-13,Fortnight (feat. Post Malone),73,107641,69,,86,86,-4
2024-07-13,Cruel Summer,162,69905,154,,524,484,-8
2024-07-12,Fortnight (feat. Post Malone),69,108623,71,,85,85,+2
2024-07-12,Cruel Summer,154,74902,151,,523,483,-3
2024-07-11,Fortnight (feat. Post Malone),71,98302,70,,84,84,-1
2024-07-11,Cruel Summer,151,68311,147,,522,482,-4
2024-07-10,Fortnight (feat. Post Malone),70,95121,60,,83,83,-10
2024-07-10,Cruel Summer,147,66652,136,,521,481,-11
2024-07-09,Fortnight (feat. Post Malone),60,99371,69,,82,82,+9
2024-07-09,Cruel Summer,136,68734,131,,520,480,-5
2024-07-08,Fortnight (feat. Post Malone),69,96509,76,,81,81,+7
2024-07-08,Cruel Summer,131,70993,149,,519,479,+18
2024-07-07,Fortnight (feat. Post Malone),76,83445,73,,80,80,-3
2024-07-07,Cruel Summer,149,61883,143,,518,478,-6
2024-07-06,Fortnight (feat. Post Malone),73,97236,71,11,79,79,-2
2024-07-06,Cruel Summer,143,72255,154,36,517,477,+11
2024-07-05,Fortnight (feat. Post Malone),71,103194,75,11,78,78,+4
2024-07-05,Cruel Summer,154,72739,174,36,516,476,+20
2024-07-04,Fortnight (feat. Post Malone),75,97584,76,11,77,77,+1
2024-07-04,Cruel Summer,174,66430,160,36,515,475,-14
2024-07-03,Fortnight (feat. Post Malone),76,94992,84,11,76,76,+8
2024-07-03,Cruel Summer,160,66696,158,36,514,474,-2
2024-07-02,Fortnight (feat. Post Malone),84,93242,81,,75,75,-3
2024-07-02,Cruel Summer,158,66445,146,,513,473,-12
2024-07-01,Fortnight (feat. Post Malone),81,87591,87,,74,74,+6
2024-07-01,Cruel Summer,146,64806,151,,512,472,+5
2024-06-30,Fortnight (feat. Post Malone),87,78668,70,,73,73,-17
2024-06-30,Cruel Summer,151,61790,149,,511,471,-2
2024-06-29,Fortnight (feat. Post Malone),70,98744,78,,72,72,+8
2024-06-29,Cruel Summer,149,72081,149,,510,470,0
2024-06-28,Fortnight (feat. Post Malone),78,102848,81,,71,71,+3
2024-06-28,Cruel Summer,149,78215,137,,509,469,-12
2024-06-27,Fortnight (feat. Post Malone),81,94463,81,,70,70,0
2024-06-27,Cruel Summer,137,74055,148,,508,468,+11
2024-06-26,Fortnight (feat. Post Malone),81,92583,71,,69,69,-10
2024-06-26,Cruel Summer,148,71336,124,,507,467,-24
2024-06-25,Fortnight (feat. Post Malone),71,94021,68,,68,68,-3
2024-06-25,Cruel Summer,124,72442,117,,506,466,-7
2024-06-24,Fortnight (feat. Post Malone),68,95338,73,,67,67,+5
2024-06-24,Cruel Summer,117,74437,145,,505,465,+28
2024-06-23,Fortnight (feat. Post Malone),73,85612,67,,66,66,-6
2024-06-23,Cruel Summer,145,65105,144,,504,464,-1
2024-06-22,Fortnight (feat. Post Malone),67,99825,79,,65,65,+12
2024-06-22,Cruel Summer,144,72180,149,,503,463,+5
2024-06-21,Fortnight (feat. Post Malone),79,101933,63,,64,64,-16
2024-06-21,Cruel Summer,149,76627,90,,502,462,-59
2024-06-20,Fortnight (feat. Post Malone),63,98795,66,,63,63,+3
2024-06-20,Cruel Summer,90,84156,94,,501,461,+4
2024-06-19,Fortnight (feat. Post Malone),66,101274,62,,62,62,-4
2024-06-19,Cruel Summer,94,83767,91,,500,460,-3
2024-06-18,Fortnight (feat. Post Malone),62,100872,63,,61,61,+1
2024-06-18,Cruel Summer,91,83133,89,,499,459,-2
2024-06-17,Fortnight (feat. Post Malone),63,97794,68,,60,60,+5
2024-06-17,Cruel Summer,89,83396,88,,498,458,-1
2024-06-16,Fortnight (feat. Post Malone),68,86565,64,11,59,59,-4
2024-06-16,Cruel Summer,88,77730,79,36,497,457,-9
2024-06-15,Fortnight (feat. Post Malone),64,106596,71,11,58,58,+7
2024-06-15,Cruel Summer,79,97211,93,36,496,456,+14
2024-06-14,Fortnight (feat. Post Malone),71,109996,64,11,57,57,-7
2024-06-14,Cruel Summer,93,95718,99,36,495,455,+6
2024-06-13,Fortnight (feat. Post Malone),64,107213,66,11,56,56,+2
2024-06-13,Cruel Summer,99,85726,105,36,494,454,+6
2024-06-12,Fortnight (feat. Post Malone),66,109556,62,,55,55,-4
2024-06-12,Cruel Summer,105,86481,97,,493,453,-8
2024-06-11,Fortnight (feat. Post Malone),62,112520,68,,54,54,+6
2024-06-11,Cruel Summer,97,88391,101,,492,452,+4
2024-06-10,Fortnight (feat. Post Malone),68,107390,67,,53,53,-1
2024-06-10,Cruel Summer,101,83367,104,,491,451,+3
2024-06-09,Fortnight (feat. Post Malone),67,96074,67,,52,52,0
2024-06-09,Cruel Summer,104,77929,94,,490,450,-10
2024-06-08,Fortnight (feat. Post Malone),67,123840,73,,51,51,+6
2024-06-08,Cruel Summer,94,101107,105,,489,449,+11
2024-06-07,Fortnight (feat. Post Malone),73,126005,67,,50,50,-6
2024-06-07,Cruel Summer,105,103267,118,,488,448,+13
2024-06-06,Fortnight (feat. Post Malone),67,114288,74,,49,49,+7
2024-06-06,Cruel Summer,118,86843,111,,487,447,-7
2024-06-05,Fortnight (feat. Post Malone),74,116423,74,,48,48,0
2024-06-05,Cruel Summer,111,92948,103,,486,446,-8
2024-06-04,Fortnight (feat. Post Malone),74,117072,79,,47,47,+5
2024-06-04,Cruel Summer,103,91703,102,,485,445,-1
2024-06-03,Fortnight (feat. Post Malone),79,113488,73,,46,46,-6
2024-06-03,Cruel Summer,102,90869,105,,484,444,+3
2024-06-02,Fortnight (feat. Post Malone),73,101757,76,,45,45,+3
2024-06-02,Cruel Summer,105,80762,129,,483,443,+24
2024-06-01,Fortnight (feat. Post Malone),76,119210,87,,44,44,+11
2024-06-01,Cruel Summer,129,89109,147,,482,442,+18
2024-05-31,Fortnight (feat. Post Malone),87,122634,62,,43,43,-25
2024-05-31,Cruel Summer,147,85783,110,,481,441,-37
2024-05-30,Fortnight (feat. Post Malone),62,112780,67,,42,42,+5
2024-05-30,Cruel Summer,110,81216,114,,480,440,+4
2024-05-29,Fortnight (feat. Post Malone),67,112473,63,,41,41,-4
2024-05-29,Cruel Summer,114,83135,109,,479,439,-5
2024-05-28,Fortnight (feat. Post Malone),63,112415,60,,40,40,-3
2024-05-28,Cruel Summer,109,81534,108,,478,438,-1
2024-05-27,Fortnight (feat. Post Malone),60,107178,67,,39,39,+7
2024-05-27,Cruel Summer,108,78301,127,,477,437,+19
2024-05-26,Fortnight (feat. Post Malone),67,96802,69,,38,38,+2
2024-05-26,Cruel Summer,127,70798,137,,476,436,+10
2024-05-25,Fortnight (feat. Post Malone),69,116043,68,11,37,37,-1
2024-05-25,Cruel Summer,137,83959,128,36,475,435,-9
2024-05-24,Fortnight (feat. Post Malone),68,121486,73,11,36,36,+5
2024-05-24,Cruel Summer,128,85009,110,36,474,434,-18
2024-05-23,Fortnight (feat. Post Malone),73,109311,68,11,35,35,-5
2024-05-23,Cruel Summer,110,84242,105,36,473,433,-5
2024-05-22,Fortnight (feat. Post Malone),68,115532,71,11,34,34,+3
2024-05-22,Cruel Summer,105,89249,101,36,472,432,-4
2024-05-21,Fortnight (feat. Post Malone),71,108184,74,,33,33,+3
2024-05-21,Cruel Summer,101,85965,97,,471,431,-4
2024-05-20,Fortnight (feat. Post Malone),74,100842,80,,32,32,+6
2024-05-20,Cruel Summer,97,84295,101,,470,430,+4
2024-05-19,Fortnight (feat. Post Malone),80,94327,73,,31,31,-7
2024-05-19,Cruel Summer,101,81913,102,,469,429,+1
2024-05-18,Fortnight (feat. Post Malone),73,117712,69,,30,30,-4
2024-05-18,Cruel Summer,102,96835,99,,468,428,-3
2024-05-17,Fortnight (feat. Post Malone),69,134567,42,,29,29,-27
2024-05-17,Cruel Summer,99,102398,74,,467,427,-25
2024-05-16,Fortnight (feat. Post Malone),42,150024,31,,28,28,-11
2024-05-16,Cruel Summer,74,95401,80,,466,426,+6
2024-05-16,I Can Do It With a Broken Heart,143,68882,131,,28,28,-12
2024-05-15,Fortnight (feat. Post Malone),31,173045,27,,27,27,-4
2024-05-15,Cruel Summer,80,97109,69,,465,425,-11
2024-05-15,I Can Do It With a Broken Heart,131,74705,104,,27,27,-27
2024-05-14,Fortnight (feat. Post Malone),27,170713,25,,26,26,-2
2024-05-14,Cruel Summer,69,99793,61,,464,424,-8
2024-05-14,I Can Do It With a Broken Heart,104,76003,98,,26,26,-6
2024-05-13,Who's Afraid of Little Old Me?,183,56708,,,25,25,RE
2024-05-13,Down Bad,184,56439,,,25,25,RE
2024-05-12,Fortnight (feat. Post Malone),24,161158,26,,24,24,+2
2024-05-12,Cruel Summer,59,106021,71,,462,422,+12
2024-05-12,I Can Do It With a Broken Heart,139,66366,159,,24,24,+20
2024-05-11,Fortnight (feat. Post Malone),26,183406,26,,23,23,0
2024-05-11,Cruel Summer,71,110743,73,,461,421,+2
2024-05-11,I Can Do It With a Broken Heart,159,70600,132,,23,23,-27
2024-05-10,I Can Do It With a Broken Heart,132,77675,,,22,22,RE
2024-05-09,Fortnight (feat. Post Malone),35,155391,57,,21,21,+22
2024-05-09,Cruel Summer,96,87483,116,,459,419,+20
2024-05-08,Fortnight (feat. Post Malone),57,118716,57,,20,20,0
2024-05-08,Cruel Summer,116,80081,122,,458,418,+6
2024-05-07,Fortnight (feat. Post Malone),57,121986,54,11,19,19,-3
2024-05-07,Cruel Summer,122,76719,131,36,457,417,+9
2024-05-06,Fortnight (feat. Post Malone),54,119588,55,11,18,18,+1
2024-05-06,Cruel Summer,131,65101,144,36,456,416,+13
2024-05-06,I Can Do It With a Broken Heart,178,57038,-1,56,18,18,RE
2024-05-05,Fortnight (feat. Post Malone),55,103040,57,11,17,17,+2
2024-05-05,Cruel Summer,144,59413,143,36,455,415,-1
2024-05-04,Fortnight (feat. Post Malone),57,120390,57,11,16,16,0
2024-05-04,Cruel Summer,143,71824,146,36,454,414,+3
2024-05-03,Fortnight (feat. Post Malone),57,127456,55,,15,15,-2
2024-05-03,Cruel Summer,146,74976,117,,453,413,-29
2024-05-02,Fortnight (feat. Post Malone),55,114260,55,,14,14,0
2024-05-02,Cruel Summer,117,75381,120,,452,412,+3
2024-05-02,I Can Do It With a Broken Heart,197,57736,195,,14,14,-2
2024-05-01,Fortnight (feat. Post Malone),55,99182,51,,13,13,-4
2024-05-01,Cruel Summer,120,66528,110,,451,411,-10
2024-05-01,I Can Do It With a Broken Heart,195,51826,153,,13,13,-42
2024-04-30,Fortnight (feat. Post Malone),51,128650,48,,12,12,-3
2024-04-30,Cruel Summer,110,78793,128,,450,410,+18
2024-04-30,I Can Do It With a Broken Heart,153,67730,126,,12,12,-27
2024-04-29,Fortnight (feat. Post Malone),48,130047,40,,11,11,-8
2024-04-29,I Can Do It With a Broken Heart,126,69821,144,,11,11,+18
2024-04-29,Cruel Summer,128,69500,146,,449,409,+18
2024-04-28,Fortnight (feat. Post Malone),40,124282,48,,10,10,+8
2024-04-28,I Can Do It With a Broken Heart,144,61076,157,,10,10,+13
2024-04-28,Cruel Summer,146,60816,142,,448,408,-4
2024-04-27,Fortnight (feat. Post Malone),48,136114,30,,9,9,-18
2024-04-27,Cruel Summer,142,71967,124,,447,407,-18
2024-04-27,I Can Do It With a Broken Heart,157,69573,119,,9,9,-38
2024-04-26,Fortnight (feat. Post Malone),30,171805,41,,8,8,+11
2024-04-26,I Can Do It With a Broken Heart,119,80564,117,,8,8,-2
2024-04-26,Cruel Summer,124,79564,85,,446,406,-39
2024-04-26,"So Long, London",163,68965,123,,8,8,-40
2024-04-26,Down Bad,181,66932,136,,8,8,-45
2024-04-26,My Boy Only Breaks His Favorite Toys,192,63950,153,,8,8,-39
2024-04-25,Fortnight (feat. Post Malone),41,149045,32,,7,7,-9
2024-04-25,Cruel Summer,85,87354,67,,445,405,-18
2024-04-25,I Can Do It With a Broken Heart,117,74901,105,,7,7,-12
2024-04-25,"So Long, London",123,72942,98,,7,7,-25
2024-04-25,Down Bad,136,69446,107,,7,7,-29
2024-04-25,My Boy Only Breaks His Favorite Toys,153,65917,120,,7,7,-33
2024-04-25,Florida!!! (feat. Florence + The Machine),193,57510,157,,7,7,-36
2024-04-25,The Tortured Poets Department,195,56982,155,,7,7,-40
2024-04-24,Fortnight (feat. Post Malone),32,159743,35,,6,6,+3
2024-04-24,Cruel Summer,67,93746,79,,444,404,+12
2024-04-24,"So Long, London",98,80032,85,,6,6,-13
2024-04-24,I Can Do It With a Broken Heart,105,77480,105,,6,6,0
2024-04-24,Down Bad,107,76782,97,,6,6,-10
2024-04-24,My Boy Only Breaks His Favorite Toys,120,73642,99,,6,6,-21
2024-04-24,The Tortured Poets Department,155,63624,124,,6,6,-31
2024-04-24,Florida!!! (feat. Florence + The Machine),157,63379,165,,6,6,+8
2024-04-24,Who's Afraid of Little Old Me?,183,58806,161,,6,6,-22
2024-04-24,But Daddy I Love Him,195,56546,162,,6,6,-33
2024-04-23,Fortnight (feat. Post Malone),35,155857,31,,5,5,-4
2024-04-23,Cruel Summer,79,88555,76,,443,403,-3
2024-04-23,"So Long, London",85,86070,70,,5,5,-15
2024-04-23,Down Bad,97,82477,80,,5,5,-17
2024-04-23,My Boy Only Breaks His Favorite Toys,99,81479,78,,5,5,-21
2024-04-23,I Can Do It With a Broken Heart,105,79018,87,,5,5,-18
2024-04-23,The Tortured Poets Department,124,73152,98,,5,5,-26
2024-04-23,Who's Afraid of Little Old Me?,161,63590,133,,5,5,-28
2024-04-23,But Daddy I Love Him,162,63560,134,,5,5,-28
2024-04-23,Florida!!! (feat. Florence + The Machine),165,63121,132,,5,5,-33
2024-04-22,Fortnight (feat. Post Malone),31,159226,33,,4,4,+2
2024-04-22,"So Long, London",70,93695,72,,4,4,+2
2024-04-22,Cruel Summer,76,91132,64,,442,402,-12
2024-04-22,My Boy Only Breaks His Favorite Toys,78,90322,75,,4,4,-3
2024-04-22,Down Bad,80,88638,85,,4,4,+5
2024-04-22,I Can Do It With a Broken Heart,87,86219,91,,4,4,+4
2024-04-22,The Tortured Poets Department,98,80571,88,,4,4,-10
2024-04-22,Florida!!! (feat. Florence + The Machine),132,70896,132,,4,4,0
2024-04-22,Who's Afraid of Little Old Me?,133,70852,129,,4,4,-4
2024-04-22,But Daddy I Love Him,134,70802,120,,4,4,-14
2024-04-22,Guilty as Sin?,179,59909,179,,4,4,0
2024-04-21,Fortnight (feat. Post Malone),33,144176,38,,3,3,+5
2024-04-21,Cruel Summer,64,90639,61,,441,401,-3
2024-04-21,"So Long, London",72,86521,73,,3,3,+1
2024-04-21,My Boy Only Breaks His Favorite Toys,75,85366,69,,3,3,-6
2024-04-21,Down Bad,85,80589,89,,3,3,+4
2024-04-21,The Tortured Poets Department,88,79441,86,,3,3,-2
2024-04-21,I Can Do It With a Broken Heart,91,76398,103,,3,3,+12
2024-04-21,But Daddy I Love Him,120,68103,116,,3,3,-4
2024-04-21,Who's Afraid of Little Old Me?,129,65845,130,,3,3,+1
2024-04-21,Florida!!! (feat. Florence + The Machine),132,65643,127,,3,3,-5
2024-04-21,Guilty as Sin?,179,55906,170,,3,3,-9
2024-04-21,loml,200,52506,197,,3,3,-3
2024-04-20,Fortnight (feat. Post Malone),38,160377,11,,2,2,-27
2024-04-20,Cruel Summer,61,114383,71,,440,400,+10
2024-04-20,My Boy Only Breaks His Favorite Toys,69,104566,33,,2,2,-36
2024-04-20,"So Long, London",73,103527,35,,2,2,-38
2024-04-20,The Tortured Poets Department,86,98963,28,,2,2,-58
2024-04-20,Down Bad,89,98765,38,,2,2,-51
2024-04-20,I Can Do It With a Broken Heart,103,90202,56,,2,2,-47
2024-04-20,But Daddy I Love Him,116,85085,49,,2,2,-67
2024-04-20,Florida!!! (feat. Florence + The Machine),127,82014,52,,2,2,-75
2024-04-20,Who's Afraid of Little Old Me?,130,80915,57,,2,2,-73
2024-04-20,Guilty as Sin?,170,69806,62,,2,2,-108
2024-04-20,Fresh Out The Slammer,184,66972,60,,2,2,-124
2024-04-20,loml,197,65408,74,,2,2,-123
2024-04-19,Fortnight (feat. Post Malone),11,257361,-1,11,1,1,RE
2024-04-19,The Tortured Poets Department,28,187526,-1,28,1,1,RE
2024-04-19,My Boy Only Breaks His Favorite Toys,33,179294,-1,33,1,1,RE
2024-04-19,"So Long, London",35,172851,-1,35,1,1,RE
2024-04-19,Down Bad,38,168470,-1,38,1,1,RE
2024-04-19,But Daddy I Love Him,49,150377,-1,49,1,1,RE
2024-04-19,Florida!!! (feat. Florence + The Machine),52,143830,-1,52,1,1,RE
2024-04-19,I Can Do It With a Broken Heart,56,131611,-1,56,1,1,RE
2024-04-19,Who's Afraid of Little Old Me?,57,129800,-1,57,1,1,RE
2024-04-19,Fresh Out The Slammer,60,126413,-1,60,1,1,RE
2024-04-19,Guilty as Sin?,62,124466,-1,62,1,1,RE
2024-04-19,Cruel Summer,71,115176,60,36,439,399,-11
2024-04-19,loml,74,114526,-1,74,1,1,RE
2024-04-19,I Can Fix Him (No Really I Can),80,107997,-1,80,1,1,RE
2024-04-19,The Smallest Man Who Ever Lived,92,102621,-1,92,1,1,RE
2024-04-19,The Alchemy,101,97480,-1,101,1,1,RE
2024-04-19,Clara Bow,115,90733,-1,115,1,1,RE
2024-04-18,Cruel Summer,60,104731,63,36,438,398,+3
2024-04-17,Cruel Summer,63,101493,58,36,437,397,-5
2024-04-16,Cruel Summer,58,101803,61,36,436,396,+3
2024-04-15,Cruel Summer,61,99362,61,,435,395,0
2024-04-14,Cruel Summer,61,95133,63,,434,394,+2
2024-04-13,Cruel Summer,63,119510,72,,433,393,+9
2024-04-12,Cruel Summer,72,114156,65,,432,392,-7
2024-04-11,Cruel Summer,65,103581,62,,431,391,-3
2024-04-10,Cruel Summer,62,105789,61,,430,390,-1
2024-04-09,Cruel Summer,61,102329,66,,429,389,+5
2024-04-08,Cruel Summer,66,100308,65,,428,388,-1
2024-04-07,Cruel Summer,65,92214,57,,427,387,-8
2024-04-06,Cruel Summer,57,122937,66,,426,386,+9
2024-04-05,Cruel Summer,66,114663,55,,425,385,-11
2024-04-04,Cruel Summer,55,109303,56,,424,384,+1
2024-04-03,Cruel Summer,56,111085,61,,423,383,+5
2024-04-02,Cruel Summer,61,103422,56,,422,382,-5
2024-04-01,Cruel Summer,56,98695,60,36,421,381,+4
2024-03-31,Cruel Summer,60,94746,54,36,420,380,-6
2024-03-30,Cruel Summer,54,119474,54,36,419,379,0
2024-03-29,Cruel Summer,54,122567,55,36,418,378,+1
2024-03-28,Cruel Summer,55,110779,59,,417,377,+4
2024-03-27,Cruel Summer,59,111704,49,,416,376,-10
2024-03-26,Cruel Summer,49,107283,53,,415,375,+4
2024-03-25,Cruel Summer,53,104881,54,,414,374,+1
2024-03-24,Cruel Summer,54,99803,49,,413,373,-5
2024-03-23,Cruel Summer,49,126083,53,,412,372,+4
2024-03-22,Cruel Summer,53,120812,54,,411,371,+1
2024-03-21,Cruel Summer,54,113498,51,,410,370,-3
2024-03-20,Cruel Summer,51,119162,53,,409,369,+2
2024-03-19,Cruel Summer,53,117016,52,,408,368,-1
2024-03-18,Cruel Summer,52,110081,54,,407,367,+2
2024-03-17,Cruel Summer,54,101606,47,,406,366,-7
2024-03-16,Cruel Summer,47,129951,50,,405,365,+3
2024-03-15,Cruel Summer,50,125894,41,,404,364,-9
2024-03-14,Cruel Summer,41,127304,40,36,403,363,-1
2024-03-13,Cruel Summer,40,131234,37,36,402,362,-3
2024-03-12,Cruel Summer,37,124911,41,36,401,361,+4
2024-03-11,Cruel Summer,41,121777,42,36,400,360,+1
2024-03-10,Cruel Summer,42,114312,40,,399,359,-2
2024-03-09,Cruel Summer,40,149583,46,,398,358,+6
2024-03-08,Cruel Summer,46,143248,48,,397,357,+2
2024-03-07,Cruel Summer,48,119725,52,,396,356,+4
2024-03-06,Cruel Summer,52,122205,50,,395,355,-2
2024-03-05,Cruel Summer,50,122052,53,,394,354,+3
2024-03-04,Cruel Summer,53,119475,49,,393,353,-4
2024-03-03,Cruel Summer,49,105016,48,,392,352,-1
2024-03-02,Cruel Summer,48,135280,47,,391,351,-1
2024-03-01,Cruel Summer,47,135596,46,,390,350,-1
2024-02-29,Cruel Summer,46,128532,46,,389,349,0
2024-02-28,Cruel Summer,46,129525,47,,388,348,+1
2024-02-27,Cruel Summer,47,126624,49,,387,347,+2
2024-02-26,Cruel Summer,49,121327,48,,386,346,-1
2024-02-25,Cruel Summer,48,112066,47,,385,345,-1
2024-02-24,Cruel Summer,47,144858,48,36,384,344,+1
2024-02-23,Cruel Summer,48,145459,45,36,383,343,-3
2024-02-22,Cruel Summer,45,135376,45,36,382,342,0
2024-02-21,Cruel Summer,45,137290,48,36,381,341,+3
2024-02-20,Cruel Summer,48,135474,49,,380,340,+1
2024-02-19,Cruel Summer,49,129415,48,,379,339,-1
2024-02-18,Cruel Summer,48,117452,48,,378,338,0
2024-02-17,Cruel Summer,48,154035,62,,377,337,+14
2024-02-16,Cruel Summer,62,148055,48,,376,336,-14
2024-02-15,Cruel Summer,48,126768,48,,375,335,0
2024-02-14,Cruel Summer,48,137114,52,,374,334,+4
2024-02-13,Cruel Summer,52,129045,55,,373,333,+3
2024-02-12,Cruel Summer,55,121143,52,,372,332,-3
2024-02-11,Cruel Summer,52,112216,51,,371,331,-1
2024-02-10,Cruel Summer,51,143361,57,,370,330,+6
2024-02-09,Cruel Summer,57,134150,44,,369,329,-13
2024-02-08,Cruel Summer,44,127344,47,,368,328,+3
2024-02-07,Cruel Summer,47,133471,48,,367,327,+1
2024-02-06,Cruel Summer,48,129378,46,36,366,326,-2
2024-02-05,Cruel Summer,46,128341,49,36,365,325,+3
2024-02-04,Cruel Summer,49,108623,43,36,364,324,-6
2024-02-03,Cruel Summer,43,140726,55,36,363,323,+12
2024-02-02,Cruel Summer,55,136873,46,,362,322,-9
2024-02-01,Cruel Summer,46,127322,49,,361,321,+3
2024-01-31,Cruel Summer,49,127927,45,,360,320,-4
2024-01-30,Cruel Summer,45,122843,47,,359,319,+2
2024-01-29,Cruel Summer,47,118779,45,,358,318,-2
2024-01-28,Cruel Summer,45,114058,44,,357,317,-1
2024-01-27,Cruel Summer,44,145386,66,,356,316,+22
2024-01-26,Cruel Summer,66,129999,40,,355,315,-26
2024-01-25,Cruel Summer,40,129046,45,,354,314,+5
2024-01-24,Cruel Summer,45,128425,46,,353,313,+1
2024-01-23,Cruel Summer,46,123408,42,,352,312,-4
2024-01-22,Cruel Summer,42,124362,40,,351,311,-2
2024-01-21,Cruel Summer,40,113956,36,,350,310,-4
2024-01-20,Cruel Summer,36,146807,61,,349,309,+25
2024-01-19,Cruel Summer,61,133171,70,,348,308,+9
2024-01-18,Cruel Summer,70,84506,71,70,347,307,+1
2024-01-17,Cruel Summer,71,85934,96,71,346,306,+25
2024-01-16,Cruel Summer,96,70808,101,96,345,305,+5
2024-01-15,Cruel Summer,101,68326,107,101,344,304,+6
2024-01-14,Cruel Summer,107,61227,106,,343,303,-1
2024-01-13,Cruel Summer,106,74044,117,,342,302,+11
2024-01-12,Cruel Summer,117,72522,116,,341,301,-1
2024-01-11,Cruel Summer,116,62332,120,,340,300,+4
2024-01-10,Cruel Summer,120,63001,122,,339,299,+2
2024-01-09,Cruel Summer,122,58999,127,,338,298,+5
2024-01-08,Cruel Summer,127,57527,129,,337,297,+2
2024-01-07,Cruel Summer,129,54135,128,,336,296,-1
2024-01-06,Cruel Summer,128,64070,125,,335,295,-3
2024-01-05,Cruel Summer,125,65876,117,,334,294,-8
2024-01-04,Cruel Summer,117,63959,120,,333,293,+3
2024-01-03,Cruel Summer,120,61720,124,,332,292,+4
2024-01-02,Cruel Summer,124,60475,200,,331,291,+76
2024-01-01,Cruel Summer,200,48965,192,,330,290,-8
2023-12-31,Cruel Summer,192,81826,133,,329,289,-59
2023-12-30,Cruel Summer,133,65757,130,103,328,288,-3
2023-12-29,Cruel Summer,130,66123,144,103,327,287,+14
2023-12-28,Cruel Summer,144,60010,148,103,326,286,+4
2023-12-27,Cruel Summer,148,58979,168,103,325,285,+20
2023-12-26,Cruel Summer,168,57832,,,324,284,RE
2023-12-21,Cruel Summer,194,56630,199,,319,279,+5
2023-12-20,Cruel Summer,199,56947,197,,318,278,-2
2023-12-19,Cruel Summer,197,53681,,,317,277,RE
2023-12-07,Cruel Summer,164,56343,194,,305,265,+30
2023-12-06,Cruel Summer,194,55087,187,,304,264,-7
2023-12-05,Cruel Summer,187,52803,188,,303,263,+1
2023-12-04,Cruel Summer,188,51189,,,302,262,RE
2023-12-01,Cruel Summer,180,60781,132,,299,259,-48
2023-11-30,Cruel Summer,132,60559,131,,298,258,-1
2023-11-30,You're Losing Me (From The Vault),158,56656,123,,2,2,-35
2023-11-29,You're Losing Me (From The Vault),123,63785,,,1,1,RE
2023-11-28,Cruel Summer,177,50092,,,296,256,RE
2023-11-23,Cruel Summer,197,49498,192,,291,251,-5
2023-11-22,Cruel Summer,192,51888,192,,290,250,0
2023-11-21,Cruel Summer,192,49234,200,,289,249,+8
2023-11-20,Cruel Summer,200,47313,,,288,248,RE
2023-11-16,Cruel Summer,189,50449,186,,284,244,-3
2023-11-15,Cruel Summer,186,53070,165,,283,243,-21
2023-11-14,Cruel Summer,165,51858,168,,282,242,+3
2023-11-13,Cruel Summer,168,50394,,,281,241,RE
2023-11-10,Cruel Summer,199,54103,177,,278,238,-22
2023-11-09,Cruel Summer,177,51734,179,,277,237,+2
2023-11-08,Cruel Summer,179,52701,169,,276,236,-10
2023-11-07,Cruel Summer,169,50372,171,,275,235,+2
2023-11-06,Cruel Summer,171,49504,180,,274,234,+9
2023-11-05,Cruel Summer,180,45375,176,,273,233,-4
2023-11-04,Cruel Summer,176,51524,171,,272,232,-5
2023-11-03,Cruel Summer,171,56807,154,,271,231,-17
2023-11-02,Cruel Summer,154,53097,163,,270,230,+9
2023-11-01,Cruel Summer,163,47042,168,,269,229,+5
2023-10-31,Cruel Summer,168,58328,152,,268,228,-16
2023-10-30,Cruel Summer,152,54285,174,,267,227,+22
2023-10-30,Is It Over Now? (Taylor's Version) (From The Vault),160,52523,159,,4,4,-1
2023-10-30,Now That We Don't Talk (Taylor's Version) (From The Vault),182,49414,196,,4,4,+14
2023-10-30,Say Don't Go (Taylor's Version) (From The Vault),186,48936,185,,4,4,-1
2023-10-29,Now That We Don't Talk (Taylor's Version) (From The Vault),196,43404,,,3,3,RE
2023-10-28,Cruel Summer,168,55570,154,,265,225,-14
2023-10-28,Say Don't Go (Taylor's Version) (From The Vault),181,54016,68,,2,2,-113
2023-10-28,Is It Over Now? (Taylor's Version) (From The Vault),190,53208,82,,2,2,-108
2023-10-28,"""Slut!"" (Taylor's Version) (From The Vault)",191,53155,52,,2,2,-139
2023-10-28,Style (Taylor's Version),196,52721,43,,2,2,-153
2023-10-27,Style (Taylor's Version),43,111417,,,1,1,RE
2023-10-27,"""Slut!"" (Taylor's Version) (From The Vault)",52,104493,,,1,1,RE
2023-10-27,Blank Space (Taylor's Version),61,98074,,,1,1,RE
2023-10-27,Say Don't Go (Taylor's Version) (From The Vault),68,94961,,,1,1,RE
2023-10-27,Welcome To New York (Taylor's Version),76,90852,,,1,1,RE
2023-10-27,Out Of The Woods (Taylor's Version),77,89852,,,1,1,RE
2023-10-27,Is It Over Now? (Taylor's Version) (From The Vault),82,86712,,,1,1,RE
2023-10-27,Now That We Don't Talk (Taylor's Version) (From The Vault),88,85745,,,1,1,RE
2023-10-27,Shake It Off (Taylor's Version),102,77710,,,1,1,RE
2023-10-27,Suburban Legends (Taylor's Version) (From The Vault),110,74922,,,1,1,RE
2023-10-27,Wildest Dreams (Taylor's Version),113,74516,,,61,1,RE
2023-10-27,All You Had To Do Was Stay (Taylor's Version),114,74423,,,1,1,RE
2023-10-27,Bad Blood (Taylor's Version),125,71906,,,1,1,RE
2023-10-27,I Wish You Would (Taylor's Version),146,65798,,,1,1,RE
2023-10-27,New Romantics (Taylor's Version),152,63992,,,1,1,RE
2023-10-27,Clean (Taylor's Version),173,59726,,,1,1,RE
2023-10-27,How You Get The Girl (Taylor's Version),175,59415,,,1,1,RE
2023-10-27,I Know Places (Taylor's Version),182,58411,,,1,1,RE
2023-10-27,Wonderland (Taylor's Version),200,55521,,,1,1,RE
2023-10-26,Cruel Summer,135,58909,132,,263,223,-3
2023-10-25,Cruel Summer,132,59808,131,,262,222,-1
2023-10-24,Cruel Summer,131,60098,135,,261,221,+4
2023-10-23,Cruel Summer,135,58818,145,,260,220,+10
2023-10-22,Cruel Summer,145,51733,154,,259,219,+9
2023-10-21,Cruel Summer,154,60916,143,,258,218,-11
2023-10-20,Cruel Summer,143,67469,121,,257,217,-22
2023-10-19,Cruel Summer,121,62190,151,,256,216,+30
2023-10-18,Cruel Summer,151,56195,152,,255,215,+1
2023-10-17,Cruel Summer,152,52416,165,,254,214,+13
2023-10-16,Cruel Summer,165,49666,169,,253,213,+4
2023-10-15,Cruel Summer,169,47276,187,,252,212,+18
2023-10-14,Cruel Summer,187,54405,190,,251,211,+3
2023-10-13,Cruel Summer,190,55887,184,,250,210,-6
2023-10-12,Cruel Summer,184,51339,187,,249,209,+3
2023-10-11,Cruel Summer,187,52711,,,248,208,RE
2023-10-05,Cruel Summer,156,57233,146,,242,202,-10
2023-10-04,Cruel Summer,146,62146,144,,241,201,-2
2023-10-03,Cruel Summer,144,58799,146,,240,200,+2
2023-10-02,Cruel Summer,146,57132,150,,239,199,+4
2023-10-01,Cruel Summer,150,53989,171,,238,198,+21
2023-09-30,Cruel Summer,171,60678,168,,237,197,-3
2023-09-29,Cruel Summer,168,63684,123,,236,196,-45
2023-09-28,Cruel Summer,123,67826,126,,235,195,+3
2023-09-27,Cruel Summer,126,69602,124,,234,194,-2
2023-09-26,Cruel Summer,124,66741,130,,233,193,+6
2023-09-25,Cruel Summer,130,62932,128,,232,192,-2
2023-09-24,Cruel Summer,128,58693,135,,231,191,+7
2023-09-23,Cruel Summer,135,68683,140,,230,190,+5
2023-09-22,Cruel Summer,140,70306,116,,229,189,-24
2023-09-21,Cruel Summer,116,64312,125,,228,188,+9
2023-09-20,Cruel Summer,125,67440,123,,227,187,-2
2023-09-19,Cruel Summer,123,64525,134,,226,186,+11
2023-09-18,Cruel Summer,134,61087,138,,225,185,+4
2023-09-17,Cruel Summer,138,52726,149,,224,184,+11
2023-09-16,Cruel Summer,149,62550,129,,223,183,-20
2023-09-15,Cruel Summer,129,71850,123,,222,182,-6
2023-09-14,Cruel Summer,123,65118,121,,221,181,-2
2023-09-13,Cruel Summer,121,67021,109,,220,180,-12
2023-09-12,Cruel Summer,109,68268,105,,219,179,-4
2023-09-11,Cruel Summer,105,67544,103,,218,178,-2
2023-09-10,Cruel Summer,103,62740,111,,217,177,+8
2023-09-09,Cruel Summer,111,72015,116,,216,176,+5
2023-09-08,Cruel Summer,116,73449,140,,215,175,+24
2023-09-07,Cruel Summer,140,57741,161,140,214,174,+21
2023-09-06,Cruel Summer,161,54444,148,148,213,173,-13
2023-09-05,Cruel Summer,148,53671,152,148,212,172,+4
2023-09-04,Cruel Summer,152,54238,153,,211,171,+1
2023-09-03,Cruel Summer,153,49948,166,,210,170,+13
2023-09-02,Cruel Summer,166,55177,156,,209,169,-10
2023-09-01,Cruel Summer,156,59504,,,208,168,RE
2023-01-19,Anti-Hero,186,47953,157,,91,91,-29
2023-01-18,Anti-Hero,157,56499,148,,90,90,-9
2023-01-17,Anti-Hero,148,53959,148,,89,89,0
2023-01-16,Anti-Hero,148,52385,144,,88,88,-4
2023-01-15,Anti-Hero,144,50555,143,,87,87,-1
2023-01-14,Anti-Hero,143,59290,164,,86,86,+21
2023-01-13,Anti-Hero,164,59083,149,,85,85,-15
2023-01-12,Anti-Hero,149,56666,146,,84,84,-3
2023-01-11,Anti-Hero,146,57625,122,,83,83,-24
2023-01-10,Anti-Hero,122,62511,129,,82,82,+7
2023-01-09,Anti-Hero,129,60586,122,,81,81,-7
2023-01-08,Anti-Hero,122,56483,113,,80,80,-9
2023-01-07,Anti-Hero,113,70311,130,,79,79,+17
2023-01-06,Anti-Hero,130,67255,120,,78,78,-10
2023-01-05,Anti-Hero,120,63683,121,,77,77,+1
2023-01-04,Anti-Hero,121,64186,116,,76,76,-5
2023-01-03,Anti-Hero,116,62809,116,,75,75,0
2023-01-02,Anti-Hero,116,62398,158,,74,74,+42
2023-01-01,Anti-Hero,158,48831,161,,73,73,+3
2022-12-31,Shake It Off,106,105638,,,16,1,RE
2022-12-30,Anti-Hero,118,67510,115,,71,71,-3
2022-12-29,Anti-Hero,115,65882,113,,70,70,-2
2022-12-28,Anti-Hero,113,65513,119,,69,69,+6
2022-12-27,Anti-Hero,119,63825,130,,68,68,+11
2022-12-26,Anti-Hero,130,59996,,,67,67,RE
2022-12-23,Anti-Hero,145,68046,129,23,64,64,-16
2022-12-22,Anti-Hero,129,65429,127,23,63,63,-2
2022-12-21,Anti-Hero,127,63639,131,,62,62,+4
2022-12-20,Anti-Hero,131,62271,139,,61,61,+8
2022-12-19,Anti-Hero,139,59909,158,,60,60,+19
2022-12-18,Anti-Hero,158,44400,150,,59,59,-8
2022-12-17,Anti-Hero,150,63639,166,,58,58,+16
2022-12-16,Anti-Hero,166,66946,136,,57,57,-30
2022-12-15,Anti-Hero,136,60713,138,,56,56,+2
2022-12-14,Anti-Hero,138,60138,130,,55,55,-8
2022-12-13,Anti-Hero,130,60205,138,,54,54,+8
2022-12-12,Anti-Hero,138,60218,158,,53,53,+20
2022-12-11,Anti-Hero,158,53427,152,,52,52,-6
2022-12-10,Anti-Hero,152,61314,168,,51,51,+16
2022-12-09,Anti-Hero,168,66170,128,,50,50,-40
2022-12-08,Anti-Hero,128,64957,139,,49,49,+11
2022-12-07,Anti-Hero,139,65048,120,,48,48,-19
2022-12-06,Anti-Hero,120,66135,129,23,47,47,+9
2022-12-05,Anti-Hero,129,63786,135,23,46,46,+6
2022-12-04,Anti-Hero,135,56137,133,23,45,45,-2
2022-12-03,Anti-Hero,133,72969,125,23,44,44,-8
2022-12-02,Anti-Hero,125,73501,103,,43,43,-22
2022-12-01,Anti-Hero,103,70062,89,,42,42,-14
2022-11-30,Anti-Hero,89,72850,95,,41,41,+6
2022-11-29,Anti-Hero,95,69942,98,,40,40,+3
2022-11-28,Anti-Hero,98,68370,102,,39,39,+4
2022-11-27,Anti-Hero,102,61819,97,,38,38,-5
2022-11-26,Anti-Hero,97,74101,101,,37,37,+4
2022-11-25,Anti-Hero,101,80595,90,,36,36,-11
2022-11-24,Anti-Hero,90,75107,97,,35,35,+7
2022-11-23,Anti-Hero,97,74434,89,,34,34,-8
2022-11-22,Anti-Hero,89,74227,92,,33,33,+3
2022-11-21,Anti-Hero,92,73343,95,,32,32,+3
2022-11-20,Anti-Hero,95,65377,92,,31,31,-3
2022-11-19,Anti-Hero,92,83804,90,,30,30,-2
2022-11-18,Anti-Hero,90,86542,74,,29,29,-16
2022-11-17,Anti-Hero,74,82013,78,,28,28,+4
2022-11-16,Anti-Hero,78,84101,61,23,27,27,-17
2022-11-15,Anti-Hero,61,88063,62,23,26,26,+1
2022-11-14,Anti-Hero,62,86982,58,23,25,25,-4
2022-11-13,Anti-Hero,58,81358,64,23,24,24,+6
2022-11-12,Anti-Hero,64,90733,58,,23,23,-6
2022-11-11,Anti-Hero,58,98100,52,,22,22,-6
2022-11-10,Anti-Hero,52,103644,43,,21,21,-9
2022-11-09,Anti-Hero,43,105442,60,,20,20,+17
2022-11-08,Anti-Hero,60,91087,61,,19,19,+1
2022-11-07,Anti-Hero,61,91659,59,,18,18,-2
2022-11-06,Anti-Hero,59,83992,67,,17,17,+8
2022-11-05,Anti-Hero,67,99509,75,,16,16,+8
2022-11-04,Anti-Hero,75,104283,72,,15,15,-3
2022-11-03,Anti-Hero,72,78807,62,,14,14,-10
2022-11-02,Lavender Haze,195,45902,,,13,13,RE
2022-11-01,Snow On The Beach (feat. Lana Del Rey),193,41263,,,12,12,RE
2022-10-31,Anti-Hero,96,76566,98,,11,11,+2
2022-10-30,Anti-Hero,98,67247,100,,10,10,+2
2022-10-29,Anti-Hero,100,78728,79,,9,9,-21
2022-10-28,Anti-Hero,79,92980,55,,8,8,-24
2022-10-27,Anti-Hero,55,93215,50,23,7,7,-5
2022-10-27,Snow On The Beach (feat. Lana Del Rey),143,55730,122,42,7,7,-21
2022-10-27,Lavender Haze,168,51562,138,40,7,7,-30
2022-10-27,Midnight Rain,192,47465,159,70,7,7,-33
2022-10-27,"You're On Your Own, Kid",199,46174,166,63,7,7,-33
2022-10-26,Anti-Hero,50,97385,44,23,6,6,-6
2022-10-26,Snow On The Beach (feat. Lana Del Rey),122,60372,96,42,6,6,-26
2022-10-26,Lavender Haze,138,55869,111,40,6,6,-27
2022-10-26,Midnight Rain,159,51587,134,70,6,6,-25
2022-10-26,"You're On Your Own, Kid",166,50743,135,63,6,6,-31
2022-10-26,Maroon,181,48725,142,56,6,6,-39
2022-10-26,Karma,184,47879,152,93,6,6,-32
2022-10-25,Anti-Hero,44,105457,39,23,5,5,-5
2022-10-25,Snow On The Beach (feat. Lana Del Rey),96,68595,81,42,5,5,-15
2022-10-25,Lavender Haze,111,63775,96,40,5,5,-15
2022-10-25,Midnight Rain,134,57656,112,70,5,5,-22
2022-10-25,"You're On Your Own, Kid",135,57274,113,63,5,5,-22
2022-10-25,Maroon,142,56171,120,56,5,5,-22
2022-10-25,Karma,152,53006,135,93,5,5,-17
2022-10-25,Vigilante Shit,176,49448,145,78,5,5,-31
2022-10-25,Bejeweled,179,48872,172,103,5,5,-7
2022-10-25,Question...?,190,47095,151,85,5,5,-39
2022-10-24,Anti-Hero,39,110727,38,23,4,4,-1
2022-10-24,Snow On The Beach (feat. Lana Del Rey),81,78756,77,42,4,4,-4
2022-10-24,Lavender Haze,96,69090,88,40,4,4,-8
2022-10-24,Midnight Rain,112,63283,114,70,4,4,+2
2022-10-24,"You're On Your Own, Kid",113,63043,113,63,4,4,0
2022-10-24,Maroon,120,62279,112,56,4,4,-8
2022-10-24,Karma,135,57806,133,93,4,4,-2
2022-10-24,Vigilante Shit,145,55028,145,78,4,4,0
2022-10-24,Question...?,151,53179,153,85,4,4,+2
2022-10-24,Bejeweled,172,49979,170,103,4,4,-2
2022-10-23,Anti-Hero,38,99209,48,,3,3,+10
2022-10-23,Snow On The Beach (feat. Lana Del Rey),77,70479,90,,3,3,+13
2022-10-23,Lavender Haze,88,65460,98,,3,3,+10
2022-10-23,Maroon,112,56799,122,,3,3,+10
2022-10-23,"You're On Your Own, Kid",113,56650,128,,3,3,+15
2022-10-23,Midnight Rain,114,56325,129,,3,3,+15
2022-10-23,Karma,133,51585,155,,3,3,+22
2022-10-23,Vigilante Shit,145,49818,151,,3,3,+6
2022-10-23,Question...?,153,48201,162,,3,3,+9
2022-10-23,Bejeweled,170,44952,181,,3,3,+11
2022-10-22,Anti-Hero,48,112079,23,,2,2,-25
2022-10-22,Snow On The Beach (feat. Lana Del Rey),90,81268,42,,2,2,-48
2022-10-22,Lavender Haze,98,77797,40,,2,2,-58
2022-10-22,Maroon,122,67997,56,,2,2,-66
2022-10-22,"You're On Your Own, Kid",128,66075,63,,2,2,-65
2022-10-22,Midnight Rain,129,65732,70,,2,2,-59
2022-10-22,Vigilante Shit,151,60545,78,,2,2,-73
2022-10-22,Karma,155,59649,93,,2,2,-62
2022-10-22,Question...?,162,58205,85,,2,2,-77
2022-10-22,Bejeweled,181,53310,103,,2,2,-78
2022-10-21,Anti-Hero,23,149835,,,1,1,RE
2022-10-21,Lavender Haze,40,122196,,,1,1,RE
2022-10-21,Snow On The Beach (feat. Lana Del Rey),42,121258,,,1,1,RE
2022-10-21,Maroon,56,107751,,,1,1,RE
2022-10-21,"You're On Your Own, Kid",63,98907,,,1,1,RE
2022-10-21,Midnight Rain,70,93133,,,1,1,RE
2022-10-21,Vigilante Shit,78,89621,,,1,1,RE
2022-10-21,Question...?,85,86850,,,1,1,RE
2022-10-21,Karma,93,82321,,,1,1,RE
2022-10-21,Bejeweled,103,78303,,,1,1,RE
2022-10-21,Labyrinth,118,72556,,,1,1,RE
2022-10-21,Mastermind,135,67127,,,1,1,RE
2022-10-21,Sweet Nothing,136,66953,,,1,1,RE
2021-12-31,Shake It Off,117,94241,,,15,1,RE
2021-11-16,All Too Well (10 Minute Version) (Taylor's Version) (From The Vault),171,42565,172,,5,5,+1
2021-11-15,All Too Well (10 Minute Version) (Taylor's Version) (From The Vault),172,44619,,,4,4,RE
2021-02-12,Love Story (Taylor's Version),174,43367,,,1,1,RE
2020-12-24,Christmas Tree Farm,150,79724,,,14,2,RE
2020-12-15,willow,170,40033,156,,5,5,-14
2020-12-14,willow,156,43614,161,,4,4,+5
2020-12-13,willow,161,42521,165,,3,3,+4
2020-12-12,willow,165,50008,119,,2,2,-46
2020-12-11,willow,119,61231,,,1,1,RE
2020-07-29,cardigan,199,37422,179,,6,6,-20
2020-07-28,cardigan,179,41731,165,,5,5,-14
2020-07-27,cardigan,165,44638,159,,4,4,-6
2020-07-26,cardigan,159,41904,158,,3,3,-1
2020-07-25,cardigan,158,47892,119,,2,2,-39
2020-07-24,cardigan,119,60242,,,1,1,RE
2019-09-12,You Need To Calm Down,198,35545,170,,91,91,-28
2019-09-11,You Need To Calm Down,170,42119,159,100,90,90,-11
2019-09-10,You Need To Calm Down,159,41022,177,100,89,89,+18
2019-09-09,You Need To Calm Down,177,38476,-1,100,88,88,RE
2019-09-05,You Need To Calm Down,192,35274,186,,84,84,-6
2019-09-04,You Need To Calm Down,186,36921,168,,83,83,-18
2019-09-03,You Need To Calm Down,168,36549,181,,82,82,+13
2019-09-02,You Need To Calm Down,181,36356,167,,81,81,-14
2019-09-01,You Need To Calm Down,167,35321,158,,80,80,-9
2019-08-31,You Need To Calm Down,158,41765,160,,79,79,+2
2019-08-30,You Need To Calm Down,160,43757,178,,78,78,+18
2019-08-29,You Need To Calm Down,178,39421,185,,77,77,+7
2019-08-28,You Need To Calm Down,185,37458,180,,76,76,-5
2019-08-27,You Need To Calm Down,180,37395,173,,75,75,-7
2019-08-26,You Need To Calm Down,173,37559,149,,74,74,-24
2019-08-25,You Need To Calm Down,149,38156,140,,73,73,-9
2019-08-24,You Need To Calm Down,140,43755,132,,72,72,-8
2019-08-23,Lover,160,43428,,,8,8,RE
2019-08-23,The Man,161,43362,,,1,1,RE
2019-08-22,You Need To Calm Down,190,37697,156,,70,70,-34
2019-08-21,You Need To Calm Down,156,40703,153,,69,69,-3
2019-08-20,You Need To Calm Down,153,39036,147,100,68,68,-6
2019-08-19,You Need To Calm Down,147,38588,-1,100,67,67,RE
2019-08-10,You Need To Calm Down,191,35144,180,,58,58,-11
2019-08-09,You Need To Calm Down,180,36142,196,,57,57,+16
2019-08-08,You Need To Calm Down,196,33846,,,56,56,RE
2019-08-05,You Need To Calm Down,178,36763,171,,53,53,-7
2019-08-04,You Need To Calm Down,171,34994,146,,52,52,-25
2019-08-03,You Need To Calm Down,146,43520,146,,51,51,0
2019-08-02,You Need To Calm Down,146,45759,138,100,50,50,-8
2019-08-01,You Need To Calm Down,138,43136,138,100,49,49,0
2019-07-31,You Need To Calm Down,138,43216,162,100,48,48,+24
2019-07-30,You Need To Calm Down,162,38945,160,100,47,47,-2
2019-07-29,You Need To Calm Down,160,39718,163,,46,46,+3
2019-07-28,You Need To Calm Down,163,35112,156,,45,45,-7
2019-07-27,You Need To Calm Down,156,40652,151,,44,44,-5
2019-07-26,You Need To Calm Down,151,44188,130,,43,43,-21
2019-07-25,You Need To Calm Down,130,42337,108,,42,42,-22
2019-07-24,You Need To Calm Down,108,47659,148,,41,41,+40
2019-07-23,You Need To Calm Down,148,41689,158,,40,40,+10
2019-07-22,You Need To Calm Down,158,41654,104,,39,39,-54
2019-07-21,You Need To Calm Down,104,44615,105,,38,38,+1
2019-07-20,You Need To Calm Down,105,50929,100,,37,37,-5
2019-07-19,You Need To Calm Down,100,53509,195,,36,36,+95
2019-07-18,You Need To Calm Down,195,35427,,,35,35,RE
2019-06-27,You Need To Calm Down,177,44656,,,14,14,RE
2019-06-24,You Need To Calm Down,196,39474,-1,147,11,11,RE
2019-06-21,You Need To Calm Down,171,50371,187,,8,8,+16
2019-06-20,You Need To Calm Down,187,39644,179,,7,7,-8
2019-06-19,You Need To Calm Down,179,42498,162,,6,6,-17
2019-06-18,You Need To Calm Down,162,44334,168,,5,5,+6
2019-06-17,You Need To Calm Down,168,42185,,,4,4,RE
2019-06-14,You Need To Calm Down,147,51074,,,1,1,RE
2019-05-23,ME! (feat. Brendon Urie of Panic! At The Disco),138,41522,107,,28,28,-31
2019-05-22,ME! (feat. Brendon Urie of Panic! At The Disco),107,51302,115,,27,27,+8
2019-05-21,ME! (feat. Brendon Urie of Panic! At The Disco),115,45458,107,,26,26,-8
2019-05-20,ME! (feat. Brendon Urie of Panic! At The Disco),107,45455,128,,25,25,+21
2019-05-19,ME! (feat. Brendon Urie of Panic! At The Disco),128,37749,119,,24,24,-9
2019-05-18,ME! (feat. Brendon Urie of Panic! At The Disco),119,47659,129,21,23,23,+10
2019-05-17,ME! (feat. Brendon Urie of Panic! At The Disco),129,47121,107,21,22,22,-22
2019-05-16,ME! (feat. Brendon Urie of Panic! At The Disco),107,48002,96,21,21,21,-11
2019-05-15,ME! (feat. Brendon Urie of Panic! At The Disco),96,53468,95,21,20,20,-1
2019-05-14,ME! (feat. Brendon Urie of Panic! At The Disco),95,51414,104,,19,19,+9
2019-05-13,ME! (feat. Brendon Urie of Panic! At The Disco),104,47110,97,,18,18,-7
2019-05-12,ME! (feat. Brendon Urie of Panic! At The Disco),97,45722,103,,17,17,+6
2019-05-11,ME! (feat. Brendon Urie of Panic! At The Disco),103,53121,106,,16,16,+3
2019-05-10,ME! (feat. Brendon Urie of Panic! At The Disco),106,55640,88,,15,15,-18
2019-05-09,ME! (feat. Brendon Urie of Panic! At The Disco),88,53298,87,,14,14,-1
2019-05-08,ME! (feat. Brendon Urie of Panic! At The Disco),87,48218,87,,13,13,0
2019-05-07,ME! (feat. Brendon Urie of Panic! At The Disco),87,56677,83,,12,12,-4
2019-05-06,ME! (feat. Brendon Urie of Panic! At The Disco),83,55592,88,,11,11,+5
2019-05-05,ME! (feat. Brendon Urie of Panic! At The Disco),88,49928,89,,10,10,+1
2019-05-04,ME! (feat. Brendon Urie of Panic! At The Disco),89,59640,81,,9,9,-8
2019-05-03,ME! (feat. Brendon Urie of Panic! At The Disco),81,68562,47,,8,8,-34
2019-05-02,ME! (feat. Brendon Urie of Panic! At The Disco),47,83688,30,,7,7,-17
2019-05-01,ME! (feat. Brendon Urie of Panic! At The Disco),30,93249,35,,6,6,+5
2019-04-30,ME! (feat. Brendon Urie of Panic! At The Disco),35,99095,30,,5,5,-5
2019-04-29,ME! (feat. Brendon Urie of Panic! At The Disco),30,99378,31,,4,4,+1
2019-04-28,ME! (feat. Brendon Urie of Panic! At The Disco),31,89670,32,,3,3,+1
2019-04-27,ME! (feat. Brendon Urie of Panic! At The Disco),32,102460,21,21,2,2,-11
2019-04-26,ME! (feat. Brendon Urie of Panic! At The Disco),21,129018,-1,21,1,1,RE
2017-12-31,Shake It Off,191,38587,-1,191,13,1,RE
2017-10-31,Bad Blood,177,25764,-1,177,5,1,RE
2017-10-31,Look What You Made Me Do,191,23693,186,12,68,68,-5
2017-10-30,Look What You Made Me Do,186,22849,185,,67,67,-1
2017-10-29,Look What You Made Me Do,185,20880,123,,66,66,-62
2017-10-28,Look What You Made Me Do,123,33759,118,,65,65,-5
2017-10-27,Look What You Made Me Do,118,39545,104,,64,64,-14
2017-10-26,Look What You Made Me Do,104,38441,100,,63,63,-4
2017-10-25,Look What You Made Me Do,100,40353,105,,62,62,+5
2017-10-24,Gorgeous,200,21851,,,5,5,RE
2017-10-23,Look What You Made Me Do,104,39276,106,,60,60,+2
2017-10-22,Look What You Made Me Do,106,35365,101,,59,59,-5
2017-10-21,Look What You Made Me Do,101,44717,102,,58,58,+1
2017-10-20,Gorgeous,154,28733,,,1,1,RE
2017-10-19,Look What You Made Me Do,86,38397,83,,56,56,-3
2017-10-18,Look What You Made Me Do,83,41266,82,,55,55,-1
2017-10-17,Look What You Made Me Do,82,39033,79,,54,54,-3
2017-10-16,Look What You Made Me Do,79,38448,77,,53,53,-2
2017-10-15,Look What You Made Me Do,77,41929,78,,52,52,+1
2017-10-14,Look What You Made Me Do,78,47142,83,,51,51,+5
2017-10-13,Look What You Made Me Do,83,42973,80,,50,50,-3
2017-10-12,Look What You Made Me Do,80,39484,73,12,49,49,-7
2017-10-11,Look What You Made Me Do,73,42288,76,12,48,48,+3
2017-10-10,Look What You Made Me Do,76,41778,78,12,47,47,+2
2017-10-09,Look What You Made Me Do,78,39959,66,12,46,46,-12
2017-10-08,Look What You Made Me Do,66,45890,69,,45,45,+3
2017-10-07,Look What You Made Me Do,69,51723,77,,44,44,+8
2017-10-06,Look What You Made Me Do,77,46819,69,,43,43,-8
2017-10-05,Look What You Made Me Do,69,43862,74,,42,42,+5
2017-10-04,Look What You Made Me Do,74,46194,71,,41,41,-3
2017-10-03,Look What You Made Me Do,71,45140,79,,40,40,+8
2017-10-02,Look What You Made Me Do,79,41863,64,,39,39,-15
2017-10-01,Look What You Made Me Do,64,46892,71,,38,38,+7
2017-09-30,Look What You Made Me Do,71,52768,79,,37,37,+8
2017-09-29,Look What You Made Me Do,79,50477,61,,36,36,-18
2017-09-28,Look What You Made Me Do,61,50049,68,,35,35,+7
2017-09-27,Look What You Made Me Do,68,50890,66,,34,34,-2
2017-09-26,Look What You Made Me Do,66,50052,72,,33,33,+6
2017-09-25,Look What You Made Me Do,72,44740,64,,32,32,-8
2017-09-24,Look What You Made Me Do,64,48875,64,12,31,31,0
2017-09-23,Look What You Made Me Do,64,55616,69,12,30,30,+5
2017-09-22,Look What You Made Me Do,69,53354,50,12,29,29,-19
2017-09-21,Look What You Made Me Do,50,53685,50,12,28,28,0
2017-09-21,I Don't Wanna Live Forever (Fifty Shades Darker),200,19084,-1,2,262,60,RE
2017-09-20,Look What You Made Me Do,50,57188,44,,27,27,-6
2017-09-19,Look What You Made Me Do,44,56019,49,,26,26,+5
2017-09-18,I Don't Wanna Live Forever (Fifty Shades Darker),195,18268,,,259,57,RE
2017-09-17,Look What You Made Me Do,43,56921,45,,24,24,+2
2017-09-16,Look What You Made Me Do,45,65048,47,,23,23,+2
2017-09-15,Look What You Made Me Do,47,61599,40,,22,22,-7
2017-09-14,Look What You Made Me Do,40,60102,39,,21,21,-1
2017-09-14,I Don't Wanna Live Forever (Fifty Shades Darker),171,20838,170,,255,53,-1
2017-09-14,...Ready For It?,173,20725,165,,12,12,-8
2017-09-13,Look What You Made Me Do,39,62683,38,,20,20,-1
2017-09-13,...Ready For It?,165,22680,163,,11,11,-2
2017-09-13,I Don't Wanna Live Forever (Fifty Shades Darker),170,21893,179,,254,52,+9
2017-09-12,Look What You Made Me Do,38,61645,30,,19,19,-8
2017-09-12,...Ready For It?,163,21294,145,,10,10,-18
2017-09-12,I Don't Wanna Live Forever (Fifty Shades Darker),179,19506,190,,253,51,+11
2017-09-11,Look What You Made Me Do,30,61061,37,,18,18,+7
2017-09-11,...Ready For It?,145,22823,142,,9,9,-3
2017-09-11,I Don't Wanna Live Forever (Fifty Shades Darker),190,18547,196,,252,50,+6
2017-09-10,I Don't Wanna Live Forever (Fifty Shades Darker),196,17633,,,251,49,RE
2017-09-09,Look What You Made Me Do,37,68669,32,,16,16,-5
2017-09-09,...Ready For It?,137,27348,98,,7,7,-39
2017-09-08,Look What You Made Me Do,32,70214,15,,15,15,-17
2017-09-08,...Ready For It?,98,36074,96,,6,6,-2
2017-09-08,I Don't Wanna Live Forever (Fifty Shades Darker),184,20696,160,,249,47,-24
2017-09-07,Look What You Made Me Do,15,74314,18,,14,14,+3
2017-09-07,...Ready For It?,96,29167,104,,5,5,+8
2017-09-07,I Don't Wanna Live Forever (Fifty Shades Darker),160,19769,173,,248,46,+13
2017-09-06,Look What You Made Me Do,18,70937,12,12,13,13,-6
2017-09-06,...Ready For It?,104,29797,105,101,4,4,+1
2017-09-06,I Don't Wanna Live Forever (Fifty Shades Darker),173,19830,180,2,247,45,+7
2017-09-05,Look What You Made Me Do,12,80140,18,12,12,12,+6
2017-09-05,...Ready For It?,105,27732,101,101,3,3,-4
2017-09-05,I Don't Wanna Live Forever (Fifty Shades Darker),180,17958,178,2,246,44,-2
2017-09-04,Look What You Made Me Do,18,70546,17,12,11,11,-1
2017-09-04,...Ready For It?,101,29049,-1,101,2,2,RE
2017-09-04,I Don't Wanna Live Forever (Fifty Shades Darker),178,18534,200,2,245,43,+22
2017-09-03,Look What You Made Me Do,17,71021,19,12,10,10,+2
2017-09-03,I Don't Wanna Live Forever (Fifty Shades Darker),200,16346,-1,2,244,42,RE
2017-09-02,Look What You Made Me Do,19,75888,17,,9,9,-2
2017-09-01,Look What You Made Me Do,17,77626,12,,8,8,-5
2017-09-01,I Don't Wanna Live Forever (Fifty Shades Darker),191,19510,183,,242,40,-8
2017-08-31,Look What You Made Me Do,12,80091,16,,7,7,+4
2017-08-31,I Don't Wanna Live Forever (Fifty Shades Darker),183,19028,178,,241,39,-5
2017-08-30,Look What You Made Me Do,16,74995,20,,6,6,+4
2017-08-30,I Don't Wanna Live Forever (Fifty Shades Darker),178,19695,190,,240,38,+12
2017-08-29,Look What You Made Me Do,20,72754,25,,5,5,+5
2017-08-29,I Don't Wanna Live Forever (Fifty Shades Darker),190,18229,180,,239,37,-10
2017-08-28,I Don't Wanna Live Forever (Fifty Shades Darker),180,18786,,,238,36,RE
2017-08-27,Look What You Made Me Do,49,41175,61,,3,3,+12
2017-08-26,Look What You Made Me Do,61,41797,23,,2,2,-38
2017-08-25,Look What You Made Me Do,23,63695,,,1,1,RE
2017-08-24,I Don't Wanna Live Forever (Fifty Shades Darker),175,18307,162,,234,32,-13
2017-08-23,I Don't Wanna Live Forever (Fifty Shades Darker),162,19041,185,,233,31,+23
2017-08-22,I Don't Wanna Live Forever (Fifty Shades Darker),185,17627,188,,232,30,+3
2017-08-21,I Don't Wanna Live Forever (Fifty Shades Darker),188,17349,194,,231,29,+6
2017-08-20,I Don't Wanna Live Forever (Fifty Shades Darker),194,15614,,,230,28,RE
2017-08-18,I Don't Wanna Live Forever (Fifty Shades Darker),180,18677,177,2,228,26,-3
2017-08-17,I Don't Wanna Live Forever (Fifty Shades Darker),177,17256,167,2,227,25,-10
2017-08-16,I Don't Wanna Live Forever (Fifty Shades Darker),167,17669,189,2,226,24,+22
2017-08-15,I Don't Wanna Live Forever (Fifty Shades Darker),189,15279,190,,225,23,+1
2017-08-14,I Don't Wanna Live Forever (Fifty Shades Darker),190,16304,194,,224,22,+4
2017-08-13,I Don't Wanna Live Forever (Fifty Shades Darker),194,15060,196,,223,21,+2
2017-08-12,I Don't Wanna Live Forever (Fifty Shades Darker),196,16773,162,,222,20,-34
2017-08-11,I Don't Wanna Live Forever (Fifty Shades Darker),162,19510,168,,221,19,+6
2017-08-10,I Don't Wanna Live Forever (Fifty Shades Darker),168,18181,164,,220,18,-4
2017-08-09,I Don't Wanna Live Forever (Fifty Shades Darker),164,18345,169,,219,17,+5
2017-08-08,I Don't Wanna Live Forever (Fifty Shades Darker),169,17367,182,,218,16,+13
2017-08-07,I Don't Wanna Live Forever (Fifty Shades Darker),182,16845,179,,217,15,-3
2017-08-06,I Don't Wanna Live Forever (Fifty Shades Darker),179,16258,186,,216,14,+7
2017-08-05,I Don't Wanna Live Forever (Fifty Shades Darker),186,17716,156,,215,13,-30
2017-08-04,I Don't Wanna Live Forever (Fifty Shades Darker),156,20223,163,,214,12,+7
2017-08-03,I Don't Wanna Live Forever (Fifty Shades Darker),163,18629,156,,213,11,-7
2017-08-02,I Don't Wanna Live Forever (Fifty Shades Darker),156,19170,159,,212,10,+3
2017-08-01,I Don't Wanna Live Forever (Fifty Shades Darker),159,18677,162,,211,9,+3
2017-07-31,I Don't Wanna Live Forever (Fifty Shades Darker),162,18838,183,2,210,8,+21
2017-07-30,I Don't Wanna Live Forever (Fifty Shades Darker),183,16434,178,2,209,7,-5
2017-07-29,I Don't Wanna Live Forever (Fifty Shades Darker),178,18874,153,2,208,6,-25
2017-07-28,I Don't Wanna Live Forever (Fifty Shades Darker),153,21842,168,2,207,5,+15
2017-07-27,I Don't Wanna Live Forever (Fifty Shades Darker),168,19678,169,,206,4,+1
2017-07-26,I Don't Wanna Live Forever (Fifty Shades Darker),169,19603,184,,205,3,+15
2017-07-25,I Don't Wanna Live Forever (Fifty Shades Darker),184,18538,190,,204,2,+6
2017-07-24,I Don't Wanna Live Forever (Fifty Shades Darker),190,17801,192,,203,1,+2
2017-07-21,I Don't Wanna Live Forever (Fifty Shades Darker),192,21798,170,,202,202,-22
2017-07-20,I Don't Wanna Live Forever (Fifty Shades Darker),170,19640,170,,201,201,0
2017-07-19,I Don't Wanna Live Forever (Fifty Shades Darker),170,19554,176,,200,200,+6
2017-07-18,I Don't Wanna Live Forever (Fifty Shades Darker),176,19001,177,,199,199,+1
2017-07-17,I Don't Wanna Live Forever (Fifty Shades Darker),177,18741,186,,198,198,+9
2017-07-16,I Don't Wanna Live Forever (Fifty Shades Darker),186,17255,195,,197,197,+9
2017-07-15,I Don't Wanna Live Forever (Fifty Shades Darker),195,18243,180,,196,196,-15
2017-07-14,I Don't Wanna Live Forever (Fifty Shades Darker),180,19113,176,,195,195,-4
2017-07-13,I Don't Wanna Live Forever (Fifty Shades Darker),176,21578,154,,194,194,-22
2017-07-12,I Don't Wanna Live Forever (Fifty Shades Darker),154,22320,185,2,193,193,+31
2017-07-11,I Don't Wanna Live Forever (Fifty Shades Darker),185,20447,193,2,192,192,+8
2017-07-10,I Don't Wanna Live Forever (Fifty Shades Darker),193,19762,-1,2,191,191,RE
2017-07-07,I Don't Wanna Live Forever (Fifty Shades Darker),180,22892,164,,188,188,-16
2017-07-06,I Don't Wanna Live Forever (Fifty Shades Darker),164,22034,155,,187,187,-9
2017-07-05,I Don't Wanna Live Forever (Fifty Shades Darker),155,23042,164,,186,186,+9
2017-07-04,I Don't Wanna Live Forever (Fifty Shades Darker),164,22267,169,,185,185,+5
2017-07-03,I Don't Wanna Live Forever (Fifty Shades Darker),169,22051,171,,184,184,+2
2017-07-02,I Don't Wanna Live Forever (Fifty Shades Darker),171,19115,185,,183,183,+14
2017-07-01,I Don't Wanna Live Forever (Fifty Shades Darker),185,21475,163,,182,182,-22
2017-06-30,I Don't Wanna Live Forever (Fifty Shades Darker),163,24137,132,,181,181,-31
2017-06-29,I Don't Wanna Live Forever (Fifty Shades Darker),132,24211,119,,180,180,-13
2017-06-28,I Don't Wanna Live Forever (Fifty Shades Darker),119,24962,137,,179,179,+18
2017-06-27,I Don't Wanna Live Forever (Fifty Shades Darker),137,23084,158,,178,178,+21
2017-06-26,I Don't Wanna Live Forever (Fifty Shades Darker),158,21808,158,,177,177,0
2017-06-25,I Don't Wanna Live Forever (Fifty Shades Darker),158,19744,168,,176,176,+10
2017-06-24,I Don't Wanna Live Forever (Fifty Shades Darker),168,22428,151,,175,175,-17
2017-06-23,I Don't Wanna Live Forever (Fifty Shades Darker),151,24188,134,2,174,174,-17
2017-06-22,I Don't Wanna Live Forever (Fifty Shades Darker),134,22196,133,2,173,173,-1
2017-06-21,I Don't Wanna Live Forever (Fifty Shades Darker),133,23042,116,2,172,172,-17
2017-06-20,I Don't Wanna Live Forever (Fifty Shades Darker),116,24052,118,2,171,171,+2
2017-06-19,I Don't Wanna Live Forever (Fifty Shades Darker),118,24180,123,,170,170,+5
2017-06-18,I Don't Wanna Live Forever (Fifty Shades Darker),123,22744,125,,169,169,+2
2017-06-17,I Don't Wanna Live Forever (Fifty Shades Darker),125,26499,121,,168,168,-4
2017-06-16,I Don't Wanna Live Forever (Fifty Shades Darker),121,26928,115,,167,167,-6
2017-06-15,I Don't Wanna Live Forever (Fifty Shades Darker),115,24172,112,,166,166,-3
2017-06-14,I Don't Wanna Live Forever (Fifty Shades Darker),112,25749,109,,165,165,-3
2017-06-13,I Don't Wanna Live Forever (Fifty Shades Darker),109,25774,111,,164,164,+2
2017-06-12,I Don't Wanna Live Forever (Fifty Shades Darker),111,25515,116,,163,163,+5
2017-06-11,I Don't Wanna Live Forever (Fifty Shades Darker),116,22941,119,,162,162,+3
2017-06-10,I Don't Wanna Live Forever (Fifty Shades Darker),119,27428,111,,161,161,-8
2017-06-09,I Don't Wanna Live Forever (Fifty Shades Darker),111,28287,110,,160,160,-1
2017-06-08,I Don't Wanna Live Forever (Fifty Shades Darker),110,26924,90,,159,159,-20
2017-06-07,I Don't Wanna Live Forever (Fifty Shades Darker),90,30109,91,,158,158,+1
2017-06-06,I Don't Wanna Live Forever (Fifty Shades Darker),91,28378,93,,157,157,+2
2017-06-05,I Don't Wanna Live Forever (Fifty Shades Darker),93,27745,111,,156,156,+18
2017-06-04,I Don't Wanna Live Forever (Fifty Shades Darker),111,24856,107,,155,155,-4
2017-06-03,I Don't Wanna Live Forever (Fifty Shades Darker),107,28492,89,,154,154,-18
2017-06-02,I Don't Wanna Live Forever (Fifty Shades Darker),89,32492,97,2,153,153,+8
2017-06-01,I Don't Wanna Live Forever (Fifty Shades Darker),97,29411,88,2,152,152,-9
2017-05-31,I Don't Wanna Live Forever (Fifty Shades Darker),88,32126,88,2,151,151,0
2017-05-30,I Don't Wanna Live Forever (Fifty Shades Darker),88,29835,88,2,150,150,0
2017-05-29,I Don't Wanna Live Forever (Fifty Shades Darker),88,29522,92,,149,149,+4
2017-05-28,I Don't Wanna Live Forever (Fifty Shades Darker),92,28608,72,,148,148,-20
2017-05-27,I Don't Wanna Live Forever (Fifty Shades Darker),72,37597,79,,147,147,+7
2017-05-26,I Don't Wanna Live Forever (Fifty Shades Darker),79,39885,83,,146,146,+4
2017-05-25,I Don't Wanna Live Forever (Fifty Shades Darker),83,39161,82,,145,145,-1
2017-05-24,I Don't Wanna Live Forever (Fifty Shades Darker),82,42235,90,,144,144,+8
2017-05-23,I Don't Wanna Live Forever (Fifty Shades Darker),90,34675,92,,143,143,+2
2017-05-22,I Don't Wanna Live Forever (Fifty Shades Darker),92,33817,85,,142,142,-7
2017-05-21,I Don't Wanna Live Forever (Fifty Shades Darker),85,35315,84,,141,141,-1
2017-05-20,I Don't Wanna Live Forever (Fifty Shades Darker),84,42154,89,,140,140,+5
2017-05-19,I Don't Wanna Live Forever (Fifty Shades Darker),89,39733,77,,139,139,-12
2017-05-18,I Don't Wanna Live Forever (Fifty Shades Darker),77,36361,75,,138,138,-2
2017-05-17,I Don't Wanna Live Forever (Fifty Shades Darker),75,39974,76,,137,137,+1
2017-05-16,I Don't Wanna Live Forever (Fifty Shades Darker),76,37351,81,,136,136,+5
2017-05-15,I Don't Wanna Live Forever (Fifty Shades Darker),81,35571,78,,135,135,-3
2017-05-14,I Don't Wanna Live Forever (Fifty Shades Darker),78,35108,75,,134,134,-3
2017-05-13,I Don't Wanna Live Forever (Fifty Shades Darker),75,46702,80,,133,133,+5
2017-05-12,I Don't Wanna Live Forever (Fifty Shades Darker),80,44007,67,,132,132,-13
2017-05-11,I Don't Wanna Live Forever (Fifty Shades Darker),67,42935,58,2,131,131,-9
2017-05-10,I Don't Wanna Live Forever (Fifty Shades Darker),58,47722,39,2,130,130,-19
2017-05-09,I Don't Wanna Live Forever (Fifty Shades Darker),39,56194,34,2,129,129,-5
2017-05-08,I Don't Wanna Live Forever (Fifty Shades Darker),34,59969,38,2,128,128,+4
2017-05-07,I Don't Wanna Live Forever (Fifty Shades Darker),38,58454,36,,127,127,-2
2017-05-06,I Don't Wanna Live Forever (Fifty Shades Darker),36,71096,49,,126,126,+13
2017-05-05,I Don't Wanna Live Forever (Fifty Shades Darker),49,66225,34,,125,125,-15
2017-05-04,I Don't Wanna Live Forever (Fifty Shades Darker),34,60967,33,,124,124,-1
2017-05-03,I Don't Wanna Live Forever (Fifty Shades Darker),33,61421,35,,123,123,+2
2017-05-02,I Don't Wanna Live Forever (Fifty Shades Darker),35,56581,32,,122,122,-3
2017-05-01,I Don't Wanna Live Forever (Fifty Shades Darker),32,61703,35,,121,121,+3
2017-04-30,I Don't Wanna Live Forever (Fifty Shades Darker),35,61224,35,,120,120,0
2017-04-29,I Don't Wanna Live Forever (Fifty Shades Darker),35,73751,31,,119,119,-4
2017-04-28,I Don't Wanna Live Forever (Fifty Shades Darker),31,69842,19,,118,118,-12
2017-04-27,I Don't Wanna Live Forever (Fifty Shades Darker),19,67511,16,,117,117,-3
2017-04-26,I Don't Wanna Live Forever (Fifty Shades Darker),16,68952,16,,116,116,0
2017-04-25,I Don't Wanna Live Forever (Fifty Shades Darker),16,62996,19,,115,115,+3
2017-04-24,I Don't Wanna Live Forever (Fifty Shades Darker),19,63706,16,,114,114,-3
2017-04-23,I Don't Wanna Live Forever (Fifty Shades Darker),16,63398,12,2,113,113,-4
2017-04-22,I Don't Wanna Live Forever (Fifty Shades Darker),12,83229,12,2,112,112,0
2017-04-21,I Don't Wanna Live Forever (Fifty Shades Darker),12,74647,19,2,111,111,+7
2017-04-20,I Don't Wanna Live Forever (Fifty Shades Darker),19,65210,22,2,110,110,+3
2017-04-19,I Don't Wanna Live Forever (Fifty Shades Darker),22,65467,23,,109,109,+1
2017-04-18,I Don't Wanna Live Forever (Fifty Shades Darker),23,61581,23,,108,108,0
2017-04-17,I Don't Wanna Live Forever (Fifty Shades Darker),23,59209,25,,107,107,+2
2017-04-16,I Don't Wanna Live Forever (Fifty Shades Darker),25,57519,23,,106,106,-2
2017-04-15,I Don't Wanna Live Forever (Fifty Shades Darker),23,69733,24,,105,105,+1
2017-04-14,I Don't Wanna Live Forever (Fifty Shades Darker),24,73079,18,,104,104,-6
2017-04-13,I Don't Wanna Live Forever (Fifty Shades Darker),18,71236,18,,103,103,0
2017-04-12,I Don't Wanna Live Forever (Fifty Shades Darker),18,73233,18,,102,102,0
2017-04-11,I Don't Wanna Live Forever (Fifty Shades Darker),18,69208,13,,101,101,-5
2017-04-10,I Don't Wanna Live Forever (Fifty Shades Darker),13,74103,10,,100,100,-3
2017-04-09,I Don't Wanna Live Forever (Fifty Shades Darker),10,80511,11,,99,99,+1
2017-04-08,I Don't Wanna Live Forever (Fifty Shades Darker),11,95204,10,,98,98,-1
2017-04-07,I Don't Wanna Live Forever (Fifty Shades Darker),10,86674,14,,97,97,+4
2017-04-06,I Don't Wanna Live Forever (Fifty Shades Darker),14,76968,12,,96,96,-2
2017-04-05,I Don't Wanna Live Forever (Fifty Shades Darker),12,80926,15,2,95,95,+3
2017-04-04,I Don't Wanna Live Forever (Fifty Shades Darker),15,75682,17,2,94,94,+2
2017-04-03,I Don't Wanna Live Forever (Fifty Shades Darker),17,75022,18,2,93,93,+1
2017-04-02,I Don't Wanna Live Forever (Fifty Shades Darker),18,75041,20,2,92,92,+2
2017-04-01,I Don't Wanna Live Forever (Fifty Shades Darker),20,88951,25,,91,91,+5
2017-03-31,I Don't Wanna Live Forever (Fifty Shades Darker),25,88423,11,,90,90,-14
2017-03-30,I Don't Wanna Live Forever (Fifty Shades Darker),11,81825,9,,89,89,-2
2017-03-29,I Don't Wanna Live Forever (Fifty Shades Darker),9,86164,10,,88,88,+1
2017-03-28,I Don't Wanna Live Forever (Fifty Shades Darker),10,75911,12,,87,87,+2
2017-03-27,I Don't Wanna Live Forever (Fifty Shades Darker),12,74341,10,,86,86,-2
2017-03-26,I Don't Wanna Live Forever (Fifty Shades Darker),10,81946,11,,85,85,+1
2017-03-25,I Don't Wanna Live Forever (Fifty Shades Darker),11,97902,13,,84,84,+2
2017-03-24,I Don't Wanna Live Forever (Fifty Shades Darker),13,86836,9,,83,83,-4
2017-03-23,I Don't Wanna Live Forever (Fifty Shades Darker),9,81552,7,,82,82,-2
2017-03-22,I Don't Wanna Live Forever (Fifty Shades Darker),7,89184,7,,81,81,0
2017-03-21,I Don't Wanna Live Forever (Fifty Shades Darker),7,79670,4,,80,80,-3
2017-03-20,I Don't Wanna Live Forever (Fifty Shades Darker),4,86230,2,,79,79,-2
2017-03-19,I Don't Wanna Live Forever (Fifty Shades Darker),2,99184,3,,78,78,+1
2017-03-18,I Don't Wanna Live Forever (Fifty Shades Darker),3,114450,3,2,77,77,0
2017-03-17,I Don't Wanna Live Forever (Fifty Shades Darker),3,102396,4,2,76,76,+1
2017-03-16,I Don't Wanna Live Forever (Fifty Shades Darker),4,104005,4,2,75,75,0
2017-03-15,I Don't Wanna Live Forever (Fifty Shades Darker),4,102172,3,2,74,74,-1
2017-03-14,I Don't Wanna Live Forever (Fifty Shades Darker),3,90787,3,,73,73,0
2017-03-13,I Don't Wanna Live Forever (Fifty Shades Darker),3,94902,3,,72,72,0
2017-03-12,I Don't Wanna Live Forever (Fifty Shades Darker),3,110235,3,,71,71,0
2017-03-11,I Don't Wanna Live Forever (Fifty Shades Darker),3,128826,5,,70,70,+2
2017-03-10,I Don't Wanna Live Forever (Fifty Shades Darker),5,99615,4,,69,69,-1
2017-03-09,I Don't Wanna Live Forever (Fifty Shades Darker),4,95013,4,,68,68,0
2017-03-08,I Don't Wanna Live Forever (Fifty Shades Darker),4,98397,7,,67,67,+3
2017-03-07,I Don't Wanna Live Forever (Fifty Shades Darker),7,87254,7,,66,66,0
2017-03-06,I Don't Wanna Live Forever (Fifty Shades Darker),7,84329,6,,65,65,-1
2017-03-05,I Don't Wanna Live Forever (Fifty Shades Darker),6,88243,8,,64,64,+2
2017-03-04,I Don't Wanna Live Forever (Fifty Shades Darker),8,101621,6,,63,63,-2
2017-03-03,I Don't Wanna Live Forever (Fifty Shades Darker),6,99866,2,,62,62,-4
2017-03-02,I Don't Wanna Live Forever (Fifty Shades Darker),2,106114,2,,61,61,0
2017-03-01,I Don't Wanna Live Forever (Fifty Shades Darker),2,118608,2,,60,60,0
2017-02-28,I Don't Wanna Live Forever (Fifty Shades Darker),2,109816,3,2,59,59,+1
2017-02-27,I Don't Wanna Live Forever (Fifty Shades Darker),3,109254,2,2,58,58,-1
2017-02-26,I Don't Wanna Live Forever (Fifty Shades Darker),2,107205,2,2,57,57,0
2017-02-25,I Don't Wanna Live Forever (Fifty Shades Darker),2,130130,2,2,56,56,0
2017-02-24,I Don't Wanna Live Forever (Fifty Shades Darker),2,123830,2,,55,55,0
2017-02-23,I Don't Wanna Live Forever (Fifty Shades Darker),2,112799,2,,54,54,0
2017-02-22,I Don't Wanna Live Forever (Fifty Shades Darker),2,115565,3,,53,53,+1
2017-02-21,I Don't Wanna Live Forever (Fifty Shades Darker),3,116651,3,,52,52,0
2017-02-20,I Don't Wanna Live Forever (Fifty Shades Darker),3,123217,2,,51,51,-1
2017-02-19,I Don't Wanna Live Forever (Fifty Shades Darker),2,114451,2,,50,50,0
2017-02-18,I Don't Wanna Live Forever (Fifty Shades Darker),2,139043,3,,49,49,+1
2017-02-17,I Don't Wanna Live Forever (Fifty Shades Darker),3,132020,2,,48,48,-1
2017-02-16,I Don't Wanna Live Forever (Fifty Shades Darker),2,122921,2,,47,47,0
2017-02-15,I Don't Wanna Live Forever (Fifty Shades Darker),2,119541,3,,46,46,+1
2017-02-14,I Don't Wanna Live Forever (Fifty Shades Darker),3,114197,2,,45,45,-1
2017-02-13,I Don't Wanna Live Forever (Fifty Shades Darker),2,117861,3,,44,44,+1
2017-02-12,I Don't Wanna Live Forever (Fifty Shades Darker),3,103117,5,,43,43,+2
2017-02-11,I Don't Wanna Live Forever (Fifty Shades Darker),5,116926,7,,42,42,+2
2017-02-10,I Don't Wanna Live Forever (Fifty Shades Darker),7,107352,7,,41,41,0
2017-02-09,I Don't Wanna Live Forever (Fifty Shades Darker),7,102481,7,7,40,40,0
2017-02-08,I Don't Wanna Live Forever (Fifty Shades Darker),7,97943,9,7,39,39,+2
2017-02-07,I Don't Wanna Live Forever (Fifty Shades Darker),9,86887,9,9,38,38,0
2017-02-06,I Don't Wanna Live Forever (Fifty Shades Darker),9,84969,14,9,37,37,+5
2017-02-05,I Don't Wanna Live Forever (Fifty Shades Darker),14,76882,14,,36,36,0
2017-02-04,I Don't Wanna Live Forever (Fifty Shades Darker),14,89821,12,,35,35,-2
2017-02-03,I Don't Wanna Live Forever (Fifty Shades Darker),12,84827,12,,34,34,0
2017-02-02,I Don't Wanna Live Forever (Fifty Shades Darker),12,80279,13,,33,33,+1
2017-02-01,I Don't Wanna Live Forever (Fifty Shades Darker),13,80317,12,,32,32,-1
2017-01-31,I Don't Wanna Live Forever (Fifty Shades Darker),12,73642,11,,31,31,-1
2017-01-30,I Don't Wanna Live Forever (Fifty Shades Darker),11,76282,10,,30,30,-1
2017-01-29,I Don't Wanna Live Forever (Fifty Shades Darker),10,75901,10,,29,29,0
2017-01-28,I Don't Wanna Live Forever (Fifty Shades Darker),10,94534,11,,28,28,+1
2017-01-27,I Don't Wanna Live Forever (Fifty Shades Darker),11,82431,10,,27,27,-1
2017-01-26,I Don't Wanna Live Forever (Fifty Shades Darker),10,77989,19,,26,26,+9
2017-01-25,I Don't Wanna Live Forever (Fifty Shades Darker),19,70319,22,,25,25,+3
2017-01-24,I Don't Wanna Live Forever (Fifty Shades Darker),22,59168,20,,24,24,-2
2017-01-23,I Don't Wanna Live Forever (Fifty Shades Darker),20,58358,25,,23,23,+5
2017-01-22,I Don't Wanna Live Forever (Fifty Shades Darker),25,57695,25,,22,22,0
2017-01-21,I Don't Wanna Live Forever (Fifty Shades Darker),25,68971,23,,21,21,-2
2017-01-20,I Don't Wanna Live Forever (Fifty Shades Darker),23,62109,21,21,20,20,-2
2017-01-19,I Don't Wanna Live Forever (Fifty Shades Darker),21,60511,24,21,19,19,+3
2017-01-18,I Don't Wanna Live Forever (Fifty Shades Darker),24,61542,22,22,18,18,-2
2017-01-17,I Don't Wanna Live Forever (Fifty Shades Darker),22,56416,26,22,17,17,+4
2017-01-16,I Don't Wanna Live Forever (Fifty Shades Darker),26,52480,27,,16,16,+1
2017-01-15,I Don't Wanna Live Forever (Fifty Shades Darker),27,55563,33,,15,15,+6
2017-01-14,I Don't Wanna Live Forever (Fifty Shades Darker),33,62980,42,,14,14,+9
2017-01-13,I Don't Wanna Live Forever (Fifty Shades Darker),42,49438,62,,13,13,+20
2017-01-12,I Don't Wanna Live Forever (Fifty Shades Darker),62,36486,69,,12,12,+7
2017-01-11,I Don't Wanna Live Forever (Fifty Shades Darker),69,36449,57,,11,11,-12
2017-01-10,I Don't Wanna Live Forever (Fifty Shades Darker),57,35667,64,,10,10,+7
2017-01-09,I Don't Wanna Live Forever (Fifty Shades Darker),64,33942,73,,9,9,+9
2017-01-08,I Don't Wanna Live Forever (Fifty Shades Darker),73,33458,85,,8,8,+12
2017-01-07,I Don't Wanna Live Forever (Fifty Shades Darker),85,35356,64,,7,7,-21
2017-01-06,I Don't Wanna Live Forever (Fifty Shades Darker),64,36826,78,,6,6,+14
2017-01-05,I Don't Wanna Live Forever (Fifty Shades Darker),78,31831,88,,5,5,+10
2017-01-04,I Don't Wanna Live Forever (Fifty Shades Darker),88,29764,82,,4,4,-6
2017-01-03,I Don't Wanna Live Forever (Fifty Shades Darker),82,27615,86,,3,3,+4
2017-01-02,I Don't Wanna Live Forever (Fifty Shades Darker),86,28754,140,,2,2,+54
2017-01-01,I Don't Wanna Live Forever (Fifty Shades Darker),140,18368,,,1,1,RE
2026-03-22,The Fate of Ophelia,30,136108,29,2,171,171,-1
2026-03-23,The Fate of Ophelia,35,138545,30,2,172,172,-5
2026-03-23,Opalite,199,61647,-1,8,172,172,RE
2026-03-24,The Fate of Ophelia,33,139609,35,2,173,173,+2
2026-03-24,Opalite,184,64151,199,8,173,173,+15
2026-03-25,The Fate of Ophelia,33,142188,33,2,174,174,0
2026-03-26,The Fate of Ophelia,33,142188,33,2,175,175,0
2026-03-27,The Fate of Ophelia,42,148365,29,2,176,176,-13
2026-03-28,The Fate of Ophelia,33,159303,42.0,2,177,177,+9
2026-03-28,Opalite,181,73483,,8,177,177,RE
2026-03-29,The Fate of Ophelia,38,126073,33.0,2,178,178,
2026-03-30,The Fate of Ophelia,37,132761,38.0,2,179,179,
2026-03-30,Opalite,195,60476,,8,179,179,
2026-03-31,The Fate of Ophelia,38,134847,37.0,2,176,54,
2026-03-31,Opalite,186,64317,195.0,8,72,2,
2026-04-01,The Fate of Ophelia,41,141922,38.0,2,177,55,
2026-04-01,Opalite,190,65376,186.0,8,73,3,
2026-04-02,The Fate of Ophelia,35,141497,41.0,2,178,56,
2026-04-02,Opalite,174,65933,190.0,8,74,4,
2026-04-03,The Fate of Ophelia,40,154309,35.0,2,179,57,
2026-04-03,Opalite,195,70163,174.0,8,75,5,
2026-04-04,The Fate of Ophelia,34,165536,40.0,2,180,58,
2026-04-04,Opalite,172,76632,195.0,8,76,6,
2026-04-05,The Fate of Ophelia,37,133295,34.0,2,181,59,
2026-04-05,Opalite,193,60269,172.0,8,77,7,
2026-04-06,The Fate of Ophelia,36,142614,370,2,182,60,+334
2026-04-06,Opalite,184,65437,1930,8,78,8,+1746
2026-04-07,The Fate of Ophelia,38,139805,360,2,183,61,+322
2026-04-07,Opalite,182,66100,1840,8,79,9,+1658
2026-04-08,The Fate of Ophelia,40,143313,380,2,184,62,+340
2026-04-08,Opalite,193,67087,1820,8,80,10,+1627
2026-04-09,The Fate of Ophelia,41,136664,400,2,185,63,+359
2026-04-09,Opalite,184,65105,1930,8,81,11,+1746
2026-04-10,The Fate of Ophelia,44,143805,410,2,186,64,+366
2026-04-11,The Fate of Ophelia,38,149696,440,2,187,65,+402
2026-04-12,The Fate of Ophelia,40,114881,380,2,188,66,+340
2026-04-13,The Fate of Ophelia,45,125029,400,2,189,67,+355
2026-04-14,The Fate of Ophelia,42,133487,450,2,190,68,+408
