date,week_start,rank,track_id,title,weekly_streams,units_am,units_spotify,units_charts,units_surplus,total_units,streams_pct,airplay_pct,sales_pct,bonus_points,points,global_best_rank,am_ts_score,am_global_score,am_country_score,am_overall_score,prev_rank,prev_points,change,rank_change,percentage_change,weeks_on_chart,peak_position,times_at_peak
2026-06-04,2026-05-29,1,53iuhJlwXhSER5J2IYYv1W,The Fate of Ophelia,20143542,5743784,19825641,19083873,1059669,25569425,77.5,22.5,0,0,255.7,21,3500.0,207.65,2036.14,2243.78,,,NEW,,,1,1,1
2026-06-04,2026-05-29,2,3yWuTOYDztXjZxdE2cIRUa,Opalite,10816927,2819130,10612483,10135446,681481,13431613,79.0,21.0,0,0,134.3,114,2081.11,100.15,637.87,738.02,,,NEW,,,1,2,1
2026-06-04,2026-05-29,3,1BxfuPKGuaTgP7aM0Bbdwr,Cruel Summer,8205099,1757658,5830726,290524,7914575,7588384,76.8,23.2,0,0,75.9,,1478.49,0.0,279.17,279.17,,,NEW,,,1,3,1
2026-06-04,2026-05-29,4,0ug5NqcwcFR2xrfTkc7k8e,Style,8592981,788627,6033150,60212,8532769,6821777,88.4,11.6,0,0,68.2,,720.06,0.0,68.56,68.56,,,NEW,,,1,4,1
2026-06-04,2026-05-29,5,1u8c2t2Cy7UBoG4ArRcF5g,Blank Space,8328662,916937,5876693,155431,8173231,6793630,86.5,13.5,0,0,67.9,,902.75,0.0,14.19,14.19,,,NEW,,,1,5,1
2026-06-04,2026-05-29,6,0cqRj7pUJDkTCEsJkx8snD,Shake It Off,6646093,1030148,4652265,0,6646093,5682413,81.9,18.1,0,0,56.8,,1027.63,0.0,2.51,2.51,,,NEW,,,1,6,1
2026-06-04,2026-05-29,7,6YvqWjhGD8mB5QXcbcUKtx,Love Story,6908014,516717,4835610,0,6908014,5352327,90.3,9.7,0,0,53.5,,475.11,0.0,41.61,41.61,,,NEW,,,1,7,1
2026-06-04,2026-05-29,8,2OzhQlSqBEmt7hmkYxfT6m,Fortnight (feat. Post Malone),4344573,1781209,3041201,0,4344573,4822410,63.1,36.9,0,0,48.2,,1734.86,0.0,46.34,46.34,,,NEW,,,1,8,1
2026-06-04,2026-05-29,9,1qrpoAMXodY6895hGKoUpA,You Belong With Me,6222760,351934,4355932,0,6222760,4707866,92.5,7.5,0,0,47.1,,313.93,0.0,38.0,38.0,,,NEW,,,1,9,1
2026-06-04,2026-05-29,10,1dGr1c8CrMLDpV6mPbImSI,Lover,4493561,1171171,3145493,0,4493561,4316664,72.9,27.1,0,0,43.2,,1048.77,0.0,122.41,122.41,,,NEW,,,1,10,1
2026-06-04,2026-05-29,11,3AKV7Mvo2Mx4tb39iPvPlT,Elizabeth Taylor,3698739,1635754,2589117,0,3698739,4224871,61.3,38.7,0,0,42.2,,1613.38,0.0,22.38,22.38,,,NEW,,,1,11,1
2026-06-04,2026-05-29,12,5enxwA8aAbwZbf5qCHORXi,All Too Well (10 Minute Version) (Taylor's Version) (From The Vault),5376067,364198,3763247,0,5376067,4127445,91.2,8.8,0,0,41.3,,298.35,0.0,65.85,65.85,,,NEW,,,1,12,1
2026-06-04,2026-05-29,13,4A4A6dwl5DqdqrZaEtKGPR,Wildest Dreams,5293358,412716,3705351,0,5293358,4118067,90.0,10.0,0,0,41.2,,389.77,0.0,22.94,22.94,,,NEW,,,1,13,1
2026-06-04,2026-05-29,14,4R2kfaDFhslZEMJqAFNpdd,cardigan,5003670,551105,3502569,0,5003670,4053674,86.4,13.6,0,0,40.5,,519.2,0.0,31.91,31.91,,,NEW,,,1,14,1
2026-06-04,2026-05-29,15,72jCZdH0Lhg93z6Z4hBjgj,I Knew You Were Trouble.,4187874,893320,2931512,0,4187874,3824832,76.6,23.4,0,0,38.2,,892.53,0.0,0.79,0.79,,,NEW,,,1,15,1
2026-06-04,2026-05-29,16,3hUxzQpSfdDqwM3ZTFQY0K,august,4435981,431081,3105187,0,4435981,3536268,87.8,12.2,0,0,35.4,,412.68,0.0,18.4,18.4,,,NEW,,,1,16,1
2026-06-04,2026-05-29,17,2y5aJvzXhHPA94U5GFAcXe,I Don't Wanna Live Forever (Fifty Shades Darker),3695026,530191,2586518,0,3695026,3116709,83.0,17.0,0,0,31.2,,530.19,0.0,0.0,0.0,,,NEW,,,1,17,1
2026-06-04,2026-05-29,18,04S1pkp1VaIqjg8zZqknR5,Enchanted,3900931,192893,2730652,0,3900931,2923545,93.4,6.6,0,0,29.2,,158.89,0.0,34.0,34.0,,,NEW,,,1,18,1
2026-06-04,2026-05-29,19,6NFyWDv5CjfwuzoCkw47Xf,Delicate,3057118,510793,2139983,0,3057118,2650776,80.7,19.3,0,0,26.5,,496.46,0.0,14.33,14.33,,,NEW,,,1,19,1
2026-06-04,2026-05-29,20,1R0a2iXumgCiFb7HEZ7gUE,Don't Blame Me,2978094,495575,2084666,0,2978094,2580241,80.8,19.2,0,0,25.8,,495.57,0.0,0.0,0.0,,,NEW,,,1,20,1
2026-06-04,2026-05-29,21,0V3wPSX9ygBnCm8psDIegu,Anti-Hero,2961981,435945,2073387,0,2961981,2509332,82.6,17.4,0,0,25.1,,434.36,0.0,1.58,1.58,,,NEW,,,1,21,1
2026-06-04,2026-05-29,22,2NlmmAjGYrrjAp0MED5rGx,Bad Blood,2788600,448360,1952020,0,2788600,2400380,81.3,18.7,0,0,24.0,,448.36,0.0,0.0,0.0,,,NEW,,,1,22,1
2026-06-04,2026-05-29,23,4pvb0WLRcMtbPGmtejJJ6y,exile (feat. Bon Iver),2742215,358126,1919550,0,2742215,2277676,84.3,15.7,0,0,22.8,,355.8,0.0,2.33,2.33,,,NEW,,,1,23,1
2026-06-04,2026-05-29,24,1fzAuUVbzlhZ1lJAx9PtY6,Daylight,2767458,333988,1937221,0,2767458,2271209,85.3,14.7,0,0,22.7,,307.35,0.0,26.63,26.63,,,NEW,,,1,24,1
2026-06-04,2026-05-29,25,6oVxXO5oQ4pTpO8RSnkzvv,Dress,2890419,231193,2023293,0,2890419,2254486,89.7,10.3,0,0,22.5,,230.4,0.0,0.79,0.79,,,NEW,,,1,25,1
2026-06-04,2026-05-29,26,0W0iAC1VGlB82PI6elxFYf,Guilty as Sin?,2683419,264127,1978532,333795,2349624,2242659,88.2,11.8,0,0,22.4,,228.74,0.0,35.39,35.39,,,NEW,,,1,26,1
2026-06-04,2026-05-29,27,1P17dC1amhFzptugyAO7Il,Look What You Made Me Do,1832747,805384,1282923,0,1832747,2088307,61.4,38.6,0,0,20.9,,805.38,0.0,0.0,0.0,,,NEW,,,1,27,1
2026-06-04,2026-05-29,28,4dgf2DYVJbtmy8zAYLs4c7,I Can Do It With a Broken Heart,2356059,385148,1649241,0,2356059,2034389,81.1,18.9,0,0,20.3,,385.15,0.0,0.0,0.0,,,NEW,,,1,28,1
2026-06-04,2026-05-29,29,6RRNNciQGZEXnqk8SQ9yv5,You Need To Calm Down,1408471,1006912,985930,0,1408471,1992842,49.5,50.5,0,0,19.9,,1001.18,0.0,5.74,5.74,,,NEW,,,1,29,1
2026-06-04,2026-05-29,30,62V2ZHslgQV98gH4AuVXnr,Ruin The Friendship,2281528,376064,1597070,0,2281528,1973134,80.9,19.1,0,0,19.7,,366.48,0.0,9.58,9.58,,,NEW,,,1,30,1
2026-06-04,2026-05-29,31,1MgV7FIyNxIG7WzMRJV5HC,my tears ricochet,2454849,250624,1718394,0,2454849,1969018,87.3,12.7,0,0,19.7,,249.87,0.0,0.76,0.76,,,NEW,,,1,31,1
2026-06-04,2026-05-29,32,5eXgqtg3T8Av0m1FUaGHex,The Life of a Showgirl (feat. Sabrina Carpenter),2138595,418330,1497016,0,2138595,1915346,78.2,21.8,0,0,19.2,,416.68,0.0,1.65,1.65,,,NEW,,,1,32,1
2026-06-04,2026-05-29,33,2yLa0QULdQr0qAIvVwN6B5,...Ready For It?,1980326,525674,1386228,0,1980326,1911902,72.5,27.5,0,0,19.1,,525.67,0.0,0.0,0.0,,,NEW,,,1,33,1
2026-06-04,2026-05-29,34,2TEQvxxQabwLQMqWMg1qGu,Wi$h Li$t,2384925,228178,1669448,0,2384925,1897626,88.0,12.0,0,0,19.0,,215.06,0.0,13.12,13.12,,,NEW,,,1,34,1
2026-06-04,2026-05-29,35,03bTIHJElXZ0O0jqOQvAbY,Father Figure,2137130,358996,1495991,0,2137130,1854987,80.6,19.4,0,0,18.5,,356.08,0.0,2.92,2.92,,,NEW,,,1,35,1
2026-06-04,2026-05-29,36,7AEAGTc8cReDqcbPoY9gwo,We Are Never Ever Getting Back Together,2265385,245432,1585770,0,2265385,1831202,86.6,13.4,0,0,18.3,,245.43,0.0,0.0,0.0,,,NEW,,,1,36,1
2026-06-04,2026-05-29,37,0VE4kBnHJUgtMf0dy6DRmW,Getaway Car,2027176,221051,1419023,0,2027176,1640074,86.5,13.5,0,0,16.4,,221.05,0.0,0.0,0.0,,,NEW,,,1,37,1
2026-06-04,2026-05-29,38,4D7BCuvgdJlYvlX5WlN54t,"You're On Your Own, Kid",1993434,232368,1395404,0,1993434,1627772,85.7,14.3,0,0,16.3,,231.54,0.0,0.82,0.82,,,NEW,,,1,38,1
2026-06-04,2026-05-29,39,045ZeOHPIzhxxsm8bq5kyE,Out Of The Woods,1805708,302811,1263996,0,1805708,1566807,80.7,19.3,0,0,15.7,,302.81,0.0,0.0,0.0,,,NEW,,,1,39,1
2026-06-04,2026-05-29,40,3YkNIrAvbKNrrwwEd7NVLl,loml,1835441,251168,1284809,0,1835441,1535977,83.6,16.4,0,0,15.4,,237.65,0.0,13.52,13.52,,,NEW,,,1,40,1
2026-06-04,2026-05-29,41,45R112Jz5hQeKgITXgSXzs,Karma,1660917,350615,1162642,0,1660917,1513257,76.8,23.2,0,0,15.1,,350.62,0.0,0.0,0.0,,,NEW,,,1,41,1
2026-06-04,2026-05-29,42,1J1ldDi3rMQlRi49gaba0a,So High School,1914938,165688,1340457,0,1914938,1506145,89.0,11.0,0,0,15.1,,162.51,0.0,3.18,3.18,,,NEW,,,1,42,1
2026-06-04,2026-05-29,43,2x3mwb96B6TquRqMtbxUE1,Actually Romantic,1668800,307771,1168160,0,1668800,1475931,79.1,20.9,0,0,14.8,,307.77,0.0,0.0,0.0,,,NEW,,,1,43,1
2026-06-04,2026-05-29,44,3RauEVgRgj1IuWdJ9fDs70,The Man,1696197,279330,1187338,0,1696197,1466668,81.0,19.0,0,0,14.7,,279.33,0.0,0.0,0.0,,,NEW,,,1,44,1
2026-06-04,2026-05-29,45,0lx2cLdOt3piJbcaXIV74f,willow,1652169,280099,1156518,0,1652169,1436617,80.5,19.5,0,0,14.4,,277.05,0.0,3.05,3.05,,,NEW,,,1,45,1
2026-06-04,2026-05-29,46,0P9wLFurlgumLXuqFEpw52,the 1,1617379,287262,1132165,0,1617379,1419427,79.8,20.2,0,0,14.2,,287.26,0.0,0.0,0.0,,,NEW,,,1,46,1
2026-06-04,2026-05-29,47,5ylJtmaWPJ33cW3En7WOu0,Wood,1593075,267649,1115152,0,1593075,1382801,80.6,19.4,0,0,13.8,,267.65,0.0,0.0,0.0,,,NEW,,,1,47,1
2026-06-04,2026-05-29,48,1appZ3c336FkPvCuywfmrs,CANCELLED!,1492465,294691,1044725,0,1492465,1339416,78.0,22.0,0,0,13.4,,293.89,0.0,0.8,0.8,,,NEW,,,1,48,1
2026-06-04,2026-05-29,49,62HoDY1Km6lm47haFpUn9c,Eldest Daughter,1296698,424913,907689,0,1296698,1332602,68.1,31.9,0,0,13.3,,423.98,0.0,0.94,0.94,,,NEW,,,1,49,1
2026-06-04,2026-05-29,50,1GwMQaZz6Au3QLDbjbMdme,Call It What You Want,1703180,124623,1192226,0,1703180,1316849,90.5,9.5,0,0,13.2,,123.57,0.0,1.05,1.05,,,NEW,,,1,50,1
2026-06-04,2026-05-29,51,4qmFC3Jz5aQ0erlk2OSi2X,Honey,1473239,279751,1031267,0,1473239,1311018,78.7,21.3,0,0,13.1,,279.75,0.0,0.0,0.0,,,NEW,,,1,51,1
2026-06-04,2026-05-29,52,4OAuvHryIVv4kMDNSLuPt6,Red,1671581,128048,1170107,0,1671581,1298155,90.1,9.9,0,0,13.0,,125.39,0.0,2.66,2.66,,,NEW,,,1,52,1
2026-06-04,2026-05-29,53,2F3N9tdombb64aW6VtZOdo,Down Bad,1525434,223301,1067804,0,1525434,1291105,82.7,17.3,0,0,12.9,,222.53,0.0,0.77,0.77,,,NEW,,,1,53,1
2026-06-04,2026-05-29,54,2ULNeSomDxVNmdDy8VxEBU,22,1597368,163298,1118158,0,1597368,1281456,87.3,12.7,0,0,12.8,,159.17,0.0,4.12,4.12,,,NEW,,,1,54,1
2026-06-04,2026-05-29,55,5l6GqSxplqnZbLg0LTPQeG,Back To December,1635451,116609,1144816,0,1635451,1261425,90.8,9.2,0,0,12.6,,110.68,0.0,5.93,5.93,,,NEW,,,1,55,1
2026-06-04,2026-05-29,56,22bPsP2jCgbLUvh82U0Z3M,The Way I Loved You,1618121,123572,1132685,0,1618121,1256257,90.2,9.8,0,0,12.6,,123.57,0.0,0.0,0.0,,,NEW,,,1,56,1
2026-06-04,2026-05-29,57,3zwMVvkBe2qIKDObWgXw4N,right where you left me - bonus track,1449823,156720,1014876,0,1449823,1171596,86.6,13.4,0,0,11.7,,155.85,0.0,0.87,0.87,,,NEW,,,1,57,1
2026-06-04,2026-05-29,58,0hhzNPE68LWLfgZwdpxVdR,us. (feat. Taylor Swift),1109924,386960,776947,0,1109924,1163907,66.8,33.2,0,0,11.6,,386.96,0.0,0.0,0.0,,,NEW,,,1,58,1
2026-06-04,2026-05-29,59,4y5bvROuBDPr5fuwXbIBZR,Paper Rings,1538807,86732,1077165,0,1538807,1163897,92.5,7.5,0,0,11.6,,85.78,0.0,0.95,0.95,,,NEW,,,1,59,1
2026-06-04,2026-05-29,60,4zmKGsrXjLmljb5fTaBTot,Snow On The Beach (feat. More Lana Del Rey),1377212,178229,964048,0,1377212,1142277,84.4,15.6,0,0,11.4,,172.72,0.0,5.51,5.51,,,NEW,,,1,60,1
2026-06-04,2026-05-29,61,0sY6ZUTh4yoctD8VIXz339,champagne problems,1340247,184700,938173,0,1340247,1122873,83.6,16.4,0,0,11.2,,184.7,0.0,0.0,0.0,,,NEW,,,1,61,1
2026-06-04,2026-05-29,62,7kt9e9LFSpN1zQtYEl19o1,this is me trying,1400000,132367,980000,0,1400000,1112367,88.1,11.9,0,0,11.1,,131.42,0.0,0.95,0.95,,,NEW,,,1,62,1
2026-06-04,2026-05-29,63,3rWDp9tBPQR9z6U5YyRSK4,Midnight Rain,1333935,170399,933754,0,1333935,1104153,84.6,15.4,0,0,11.0,,170.4,0.0,0.0,0.0,,,NEW,,,1,63,1
2026-06-04,2026-05-29,64,6kl8thRysTeVV3WvKxgZAy,Who's Afraid of Little Old Me?,1221722,244382,855205,0,1221722,1099587,77.8,22.2,0,0,11.0,,244.38,0.0,0.0,0.0,,,NEW,,,1,64,1
2026-06-04,2026-05-29,65,2NmsngXHeC1GQ9wWrzhOMf,illicit affairs,1293230,185336,905261,0,1293230,1090597,83.0,17.0,0,0,10.9,,185.34,0.0,0.0,0.0,,,NEW,,,1,65,1
2026-06-04,2026-05-29,66,2XXwLdtuAcE0HSCu61ijAb,My Boy Only Breaks His Favorite Toys,1176295,261243,823406,0,1176295,1084649,75.9,24.1,0,0,10.8,,261.24,0.0,0.0,0.0,,,NEW,,,1,66,1
2026-06-04,2026-05-29,67,77sMIMlNaSURUAXq5coCxE,Fearless,1348687,135451,944081,0,1348687,1079532,87.5,12.5,0,0,10.8,,135.45,0.0,0.0,0.0,,,NEW,,,1,67,1
2026-06-04,2026-05-29,68,2x0WlnmfG39ZuDmstl9xfX,End Game,1125325,273729,787728,0,1125325,1061457,74.2,25.8,0,0,10.6,,272.95,0.0,0.78,0.78,,,NEW,,,1,68,1
2026-06-04,2026-05-29,69,5jQI2r1RdgtuT8S3iG8zFC,Lavender Haze,1181951,194759,827366,0,1181951,1022125,80.9,19.1,0,0,10.2,,194.76,0.0,0.0,0.0,,,NEW,,,1,69,1
2026-06-04,2026-05-29,70,3nRmDz7qGCvsMS30rGGY0x,Welcome To New York,1170300,196999,819210,0,1170300,1016209,80.6,19.4,0,0,10.2,,197.0,0.0,0.0,0.0,,,NEW,,,1,70,1
2026-06-04,2026-05-29,71,7qEUFOVcxRI19tbT68JcYK,Everything Has Changed (feat. Ed Sheeran),1283609,110680,898526,0,1283609,1009206,89.0,11.0,0,0,10.1,,110.68,0.0,0.0,0.0,,,NEW,,,1,71,1
2026-06-04,2026-05-29,72,12M5uqx0ZuwkpLp5rJim1a,Cornelia Street,1219525,150186,853668,0,1219525,1003854,85.0,15.0,0,0,10.0,,149.27,0.0,0.91,0.91,,,NEW,,,1,72,1
2026-06-04,2026-05-29,73,214nt20w5wOxJnY462klLw,Miss Americana & The Heartbreak Prince,1067715,252295,747400,0,1067715,999695,74.8,25.2,0,0,10.0,,252.29,0.0,0.0,0.0,,,NEW,,,1,73,1
2026-06-04,2026-05-29,74,3Vevii7qKqrmW8CcyzBHDl,"So Long, London",1127771,190553,789440,0,1127771,979993,80.6,19.4,0,0,9.8,,190.55,0.0,0.0,0.0,,,NEW,,,1,74,1
2026-06-04,2026-05-29,75,4WBEj8TeGtRPNJdOmT3WJW,This Love,1166374,162286,816462,0,1166374,978748,83.4,16.6,0,0,9.8,,162.29,0.0,0.0,0.0,,,NEW,,,1,75,1
2026-06-04,2026-05-29,76,5og4Qzt92jJzVDkOtSEilb,But Daddy I Love Him,1055221,219529,738655,0,1055221,958184,77.1,22.9,0,0,9.6,,219.53,0.0,0.0,0.0,,,NEW,,,1,76,1
2026-06-04,2026-05-29,77,3qoftcUZaUOncvIYjFSPdE,Bejeweled,1103105,183488,772174,0,1103105,955662,80.8,19.2,0,0,9.6,,183.49,0.0,0.0,0.0,,,NEW,,,1,77,1
2026-06-04,2026-05-29,78,3eX0NZfLtGzoLUxPNvRfqm,Maroon,1081994,194545,757396,0,1081994,951941,79.6,20.4,0,0,9.5,,194.55,0.0,0.0,0.0,,,NEW,,,1,78,1
2026-06-04,2026-05-29,79,5jQyGzcwqAxwT5QUIMivoX,mirrorball,1178937,123891,825256,0,1178937,949147,86.9,13.1,0,0,9.5,,123.03,0.0,0.86,0.86,,,NEW,,,1,79,1
2026-06-04,2026-05-29,80,6VsvKPJ4xjVNKpI8VVZ3SV,invisible string,1125007,157675,787505,0,1125007,945180,83.3,16.7,0,0,9.5,,157.67,0.0,0.0,0.0,,,NEW,,,1,80,1
2026-06-04,2026-05-29,81,3pHkh7d0lzM2AldUtz2x37,The Archer,1184595,95767,829216,0,1184595,924983,89.6,10.4,0,0,9.2,,95.77,0.0,0.0,0.0,,,NEW,,,1,81,1
2026-06-04,2026-05-29,82,4GBbcyrbDzwRtQjrsDRywK,The Smallest Man Who Ever Lived,1053357,167348,737350,0,1053357,904698,81.5,18.5,0,0,9.0,,167.35,0.0,0.0,0.0,,,NEW,,,1,82,1
2026-06-04,2026-05-29,83,4bBDkw2KBMX0tcgAaXC83Q,Labyrinth,1157142,89982,809999,0,1157142,899981,90.0,10.0,0,0,9.0,,84.92,0.0,5.06,5.06,,,NEW,,,1,83,1
2026-06-04,2026-05-29,84,4svZDCRz4cJoneBpjpx8DJ,I Did Something Bad,889203,276423,622442,0,889203,898865,69.2,30.8,0,0,9.0,,276.42,0.0,0.0,0.0,,,NEW,,,1,84,1
2026-06-04,2026-05-29,85,6IG3sQ8s9nfk6TUlVzRhbN,Is It Over Now? (Taylor's Version) (From The Vault),1069486,149790,748640,0,1069486,898430,83.3,16.7,0,0,9.0,,149.79,0.0,0.0,0.0,,,NEW,,,1,85,1
2026-06-04,2026-05-29,86,0CD7DzeCsuPJygddqlUVYa,"""Slut!"" (Taylor's Version) (From The Vault)",1151592,90715,806114,0,1151592,896829,89.9,10.1,0,0,9.0,,67.3,0.0,23.41,23.41,,,NEW,,,1,86,1
2026-06-04,2026-05-29,87,18WFFUIsewmA8g31KAeo3e,The Prophecy,1013657,176971,709560,0,1013657,886531,80.0,20.0,0,0,8.9,,176.97,0.0,0.0,0.0,,,NEW,,,1,87,1
2026-06-04,2026-05-29,88,5hQSXkFgbxjZo9uCwd11so,False God,1064545,132525,745182,0,1064545,877707,84.9,15.1,0,0,8.8,,132.53,0.0,0.0,0.0,,,NEW,,,1,88,1
2026-06-04,2026-05-29,89,3CWq0pAKKTWb0K4yiglDc4,You're Losing Me (From The Vault),1073398,119353,751379,0,1073398,870732,86.3,13.7,0,0,8.7,,116.94,0.0,2.41,2.41,,,NEW,,,1,89,1
2026-06-04,2026-05-29,90,1ZY1PqizIl78geGM4xWlEA,Gorgeous,1003825,163174,702678,0,1003825,865852,81.2,18.8,0,0,8.7,,163.17,0.0,0.0,0.0,,,NEW,,,1,90,1
2026-06-04,2026-05-29,91,2Rk4JlNc2TPmZe2af99d45,ME! (feat. Brendon Urie of Panic! At The Disco),914447,222693,640113,0,914447,862806,74.2,25.8,0,0,8.6,,221.16,0.0,1.53,1.53,,,NEW,,,1,91,1
2026-06-04,2026-05-29,92,5M787RexsAiVYjQusM98CV,New Romantics,1069035,110000,748324,0,1069035,858324,87.2,12.8,0,0,8.6,,110.0,0.0,0.0,0.0,,,NEW,,,1,92,1
2026-06-04,2026-05-29,93,1tuNqJOtRQVHvONR8Lg3MZ,The Alchemy,999239,141564,699467,0,999239,841031,83.2,16.8,0,0,8.4,,140.67,0.0,0.89,0.89,,,NEW,,,1,93,1
2026-06-04,2026-05-29,94,1By2VQkUN0Frd8mKNV5NYC,Better Than Revenge,1014037,110680,709826,0,1014037,820506,86.5,13.5,0,0,8.2,,110.68,0.0,0.0,0.0,,,NEW,,,1,94,1
2026-06-04,2026-05-29,95,1kcwpPDQnqEqmezzXdJTCP,imgonnagetyouback,974590,130668,682213,0,974590,812881,83.9,16.1,0,0,8.1,,130.67,0.0,0.0,0.0,,,NEW,,,1,95,1
2026-06-04,2026-05-29,96,15DeqWWQB4dcEWzJg15VrN,Our Song,957623,110680,670336,0,957623,781016,85.8,14.2,0,0,7.8,,110.68,0.0,0.0,0.0,,,NEW,,,1,96,1
2026-06-04,2026-05-29,97,3ZVFcD8Wlw9T9klGqmJf9F,Florida!!! (feat. Florence + The Machine),890727,154292,623509,0,890727,777801,80.2,19.8,0,0,7.8,,154.29,0.0,0.0,0.0,,,NEW,,,1,97,1
2026-06-04,2026-05-29,98,3fO566xJgwxIa3qGCGBvIC,Fresh Out The Slammer,898287,129029,628801,0,898287,757830,83.0,17.0,0,0,7.6,,129.03,0.0,0.0,0.0,,,NEW,,,1,98,1
2026-06-04,2026-05-29,99,1SymEzIT3H8UZfibCs3TYi,Afterglow,908302,118364,635811,0,908302,754175,84.3,15.7,0,0,7.5,,118.36,0.0,0.0,0.0,,,NEW,,,1,99,1
2026-06-04,2026-05-29,100,7G0gBu6nLdhFDPRLc0HdDG,Mine,950533,84331,665373,0,950533,749704,88.8,11.2,0,0,7.5,,84.33,0.0,0.0,0.0,,,NEW,,,1,100,1
2026-06-11,2026-06-05,1,5uPaqMMt59KGrdKIitDRqa,"I Knew It, I Knew You",35538334,11056486,34199936,31077009,4461325,45256422,75.6,24.4,0,0,452.6,1,3094.6,1316.07,6645.81,7961.88,,,NEW,,,1,1,1
2026-06-11,2026-06-05,2,53iuhJlwXhSER5J2IYYv1W,The Fate of Ophelia,19951953,6189304,19572187,18686066,1265887,25761491,76.0,24.0,0,0,257.6,19,3500.0,257.52,2431.79,2689.3,1,671.45,,-1,0.8,2,1,1
2026-06-11,2026-06-05,3,3yWuTOYDztXjZxdE2cIRUa,Opalite,10772439,2666960,10528994,9960957,811482,13195954,79.8,20.2,0,0,132.0,118,1847.24,138.39,681.33,819.72,2,360.56,,-1,-1.8,2,2,1
2026-06-11,2026-06-05,4,1BxfuPKGuaTgP7aM0Bbdwr,Cruel Summer,8409272,1752168,6327254,1469211,6940061,8079422,78.3,21.7,0,0,80.8,198,1395.8,0.0,356.37,356.37,3,273.5,,-1,6.5,2,3,1
2026-06-11,2026-06-05,5,0ug5NqcwcFR2xrfTkc7k8e,Style,8489471,837627,5989995,157884,8331587,6827622,87.7,12.3,0,0,68.3,,763.89,0.0,73.74,73.74,4,286.43,,-1,0.1,2,4,1
2026-06-11,2026-06-05,6,1u8c2t2Cy7UBoG4ArRcF5g,Blank Space,8315772,906628,5879711,195569,8120203,6786339,86.6,13.4,0,0,67.9,,875.04,0.0,31.59,31.59,5,277.62,,-1,-0.1,2,5,1
2026-06-11,2026-06-05,7,6YvqWjhGD8mB5QXcbcUKtx,Love Story,7148410,518427,5003887,0,7148410,5522314,90.6,9.4,0,0,55.2,,464.05,0.0,54.37,54.37,7,230.27,,0,3.2,2,7,2
2026-06-11,2026-06-05,8,0cqRj7pUJDkTCEsJkx8snD,Shake It Off,6439665,944988,4507766,0,6439665,5452754,82.7,17.3,0,0,54.5,,944.99,0.0,0.0,0.0,6,221.54,,-2,-4.0,2,6,1
2026-06-11,2026-06-05,9,1qrpoAMXodY6895hGKoUpA,You Belong With Me,6209459,396715,4346621,0,6209459,4743336,91.6,8.4,0,0,47.4,,372.21,0.0,24.51,24.51,9,207.43,,0,0.8,2,9,2
2026-06-11,2026-06-05,10,2OzhQlSqBEmt7hmkYxfT6m,Fortnight (feat. Post Malone),4524589,1383134,3167212,0,4524589,4550346,69.6,30.4,0,0,45.5,,1315.01,0.0,68.13,68.13,8,144.82,,-2,-5.6,2,8,1
2026-06-11,2026-06-05,11,4R2kfaDFhslZEMJqAFNpdd,cardigan,5288743,705608,3702120,0,5288743,4407728,84.0,16.0,0,0,44.1,,571.9,0.0,133.71,133.71,14,166.79,,3,8.7,2,11,1
2026-06-11,2026-06-05,12,1dGr1c8CrMLDpV6mPbImSI,Lover,4862669,999237,3403868,0,4862669,4403105,77.3,22.7,0,0,44.0,,870.25,0.0,128.99,128.99,10,149.79,,-2,2.0,2,10,1
2026-06-11,2026-06-05,13,5enxwA8aAbwZbf5qCHORXi,All Too Well (10 Minute Version) (Taylor's Version) (From The Vault),5611213,367400,3927849,0,5611213,4295249,91.4,8.6,0,0,43.0,,285.89,0.0,81.51,81.51,12,179.2,,-1,4.1,2,12,1
2026-06-11,2026-06-05,14,4A4A6dwl5DqdqrZaEtKGPR,Wildest Dreams,5456963,453721,3819874,0,5456963,4273595,89.4,10.6,0,0,42.7,,435.36,0.0,18.36,18.36,13,176.45,,-1,3.8,2,13,1
2026-06-11,2026-06-05,15,3AKV7Mvo2Mx4tb39iPvPlT,Elizabeth Taylor,3717850,1507918,2602495,0,3717850,4110413,63.3,36.7,0,0,41.1,,1485.67,0.0,22.25,22.25,11,123.29,,-4,-2.7,2,11,1
2026-06-11,2026-06-05,16,72jCZdH0Lhg93z6Z4hBjgj,I Knew You Were Trouble.,4109610,923921,2876727,0,4109610,3800648,75.7,24.3,0,0,38.0,,917.84,0.0,6.08,6.08,15,139.6,,-1,-0.6,2,15,1
2026-06-11,2026-06-05,17,3hUxzQpSfdDqwM3ZTFQY0K,august,4828084,381153,3379659,0,4828084,3760812,89.9,10.1,0,0,37.6,,364.77,0.0,16.38,16.38,16,147.87,,-1,6.3,2,16,1
2026-06-11,2026-06-05,18,2y5aJvzXhHPA94U5GFAcXe,I Don't Wanna Live Forever (Fifty Shades Darker),3816591,506050,2671614,0,3816591,3177664,84.1,15.9,0,0,31.8,,504.02,0.0,2.03,2.03,17,123.17,,-1,2.0,2,17,1
2026-06-11,2026-06-05,19,04S1pkp1VaIqjg8zZqknR5,Enchanted,3984969,223803,2789478,0,3984969,3013281,92.6,7.4,0,0,30.1,,171.46,0.0,52.34,52.34,18,130.03,,-1,3.1,2,18,1
2026-06-11,2026-06-05,20,6NFyWDv5CjfwuzoCkw47Xf,Delicate,3025583,610479,2117908,0,3025583,2728387,77.6,22.4,0,0,27.3,,555.64,0.0,54.84,54.84,19,101.9,,-1,2.9,2,19,1
2026-06-11,2026-06-05,21,1R0a2iXumgCiFb7HEZ7gUE,Don't Blame Me,3055041,493445,2138529,0,3055041,2631974,81.3,18.7,0,0,26.3,,493.45,0.0,0.0,0.0,20,99.27,,-1,2.0,2,20,1
2026-06-11,2026-06-05,22,0V3wPSX9ygBnCm8psDIegu,Anti-Hero,3076521,442719,2153565,0,3076521,2596284,82.9,17.1,0,0,26.0,,440.54,0.0,2.18,2.18,21,98.73,,-1,3.5,2,21,1
2026-06-11,2026-06-05,23,1fzAuUVbzlhZ1lJAx9PtY6,Daylight,2928969,299376,2050278,0,2928969,2349654,87.3,12.7,0,0,23.5,,278.27,0.0,21.1,21.1,24,92.25,,1,3.5,2,23,1
2026-06-11,2026-06-05,24,4pvb0WLRcMtbPGmtejJJ6y,exile (feat. Bon Iver),2847589,338672,1993312,0,2847589,2331984,85.5,14.5,0,0,23.3,,338.67,0.0,0.0,0.0,23,91.41,,-1,2.4,2,23,1
2026-06-11,2026-06-05,25,0W0iAC1VGlB82PI6elxFYf,Guilty as Sin?,2721094,248020,2069283,548391,2172703,2317303,89.3,10.7,0,0,23.2,,211.6,0.0,36.42,36.42,26,89.45,,1,3.3,2,25,1
2026-06-11,2026-06-05,26,2NlmmAjGYrrjAp0MED5rGx,Bad Blood,2702788,393775,1891952,0,2702788,2285727,82.8,17.2,0,0,22.9,,387.88,0.0,5.9,5.9,22,92.95,,-4,-4.8,2,22,1
2026-06-11,2026-06-05,27,6oVxXO5oQ4pTpO8RSnkzvv,Dress,2886492,211294,2020544,0,2886492,2231838,90.5,9.5,0,0,22.3,,209.98,0.0,1.31,1.31,25,96.35,,-2,-1.0,2,25,1
2026-06-11,2026-06-05,28,4dgf2DYVJbtmy8zAYLs4c7,I Can Do It With a Broken Heart,2639845,380108,1847891,0,2639845,2227999,82.9,17.1,0,0,22.3,,380.11,0.0,0.0,0.0,28,78.54,,0,9.5,2,28,2
2026-06-11,2026-06-05,29,1P17dC1amhFzptugyAO7Il,Look What You Made Me Do,1856661,842588,1299663,0,1856661,2142251,60.7,39.3,0,0,21.4,,841.77,0.0,0.82,0.82,27,61.09,,-2,2.6,2,27,1
2026-06-11,2026-06-05,30,1MgV7FIyNxIG7WzMRJV5HC,my tears ricochet,2554946,278379,1788462,0,2554946,2066841,86.5,13.5,0,0,20.7,,276.58,0.0,1.8,1.8,31,81.83,,1,5.0,2,30,1
2026-06-11,2026-06-05,31,62V2ZHslgQV98gH4AuVXnr,Ruin The Friendship,2312556,382168,1618789,0,2312556,2000957,80.9,19.1,0,0,20.0,,371.98,0.0,10.19,10.19,30,76.05,,-1,1.4,2,30,1
2026-06-11,2026-06-05,32,6RRNNciQGZEXnqk8SQ9yv5,You Need To Calm Down,1422589,994611,995812,0,1422589,1990423,50.0,50.0,0,0,19.9,,976.25,0.0,18.36,18.36,29,46.95,,-3,-0.1,2,29,1
2026-06-11,2026-06-05,33,03bTIHJElXZ0O0jqOQvAbY,Father Figure,2250331,365460,1575232,0,2250331,1940692,81.2,18.8,0,0,19.4,,363.27,0.0,2.19,2.19,35,71.24,,2,4.6,2,33,1
2026-06-11,2026-06-05,34,5eXgqtg3T8Av0m1FUaGHex,The Life of a Showgirl (feat. Sabrina Carpenter),2161583,412490,1513108,0,2161583,1925598,78.6,21.4,0,0,19.3,,410.99,0.0,1.5,1.5,32,71.29,,-2,0.5,2,32,1
2026-06-11,2026-06-05,35,2TEQvxxQabwLQMqWMg1qGu,Wi$h Li$t,2416884,224909,1691819,0,2416884,1916728,88.3,11.7,0,0,19.2,,215.1,0.0,9.81,9.81,34,79.5,,-1,1.0,2,34,1
2026-06-11,2026-06-05,36,2yLa0QULdQr0qAIvVwN6B5,...Ready For It?,1993147,514123,1395203,0,1993147,1909326,73.1,26.9,0,0,19.1,,514.12,0.0,0.0,0.0,33,66.01,,-3,-0.1,2,33,1
2026-06-11,2026-06-05,37,7AEAGTc8cReDqcbPoY9gwo,We Are Never Ever Getting Back Together,2219772,353698,1553840,0,2219772,1907538,81.5,18.5,0,0,19.1,,353.7,0.0,0.0,0.0,36,75.51,,-1,4.2,2,36,1
2026-06-11,2026-06-05,38,0VE4kBnHJUgtMf0dy6DRmW,Getaway Car,2153717,272165,1507602,0,2153717,1779767,84.7,15.3,0,0,17.8,,271.04,0.0,1.12,1.12,37,67.57,,-1,8.5,2,37,1
2026-06-11,2026-06-05,39,1J1ldDi3rMQlRi49gaba0a,So High School,2193611,161709,1535528,0,2193611,1697237,90.5,9.5,0,0,17.0,,161.71,0.0,0.0,0.0,42,63.83,,3,12.7,2,39,1
2026-06-11,2026-06-05,40,4D7BCuvgdJlYvlX5WlN54t,"You're On Your Own, Kid",2065316,206887,1445721,0,2065316,1652608,87.5,12.5,0,0,16.5,,205.73,0.0,1.15,1.15,38,66.45,,-2,1.5,2,38,1
2026-06-11,2026-06-05,41,045ZeOHPIzhxxsm8bq5kyE,Out Of The Woods,1760168,350894,1232118,0,1760168,1583012,77.8,22.2,0,0,15.8,,350.89,0.0,0.0,0.0,39,60.19,,-2,1.0,2,39,1
2026-06-11,2026-06-05,42,45R112Jz5hQeKgITXgSXzs,Karma,1718813,355857,1203169,0,1718813,1559026,77.2,22.8,0,0,15.6,,353.57,0.0,2.28,2.28,41,55.36,,-1,3.0,2,41,1
2026-06-11,2026-06-05,43,3YkNIrAvbKNrrwwEd7NVLl,loml,1859681,244057,1301777,0,1859681,1545834,84.2,15.8,0,0,15.5,,243.05,0.0,1.01,1.01,40,61.18,,-3,0.6,2,40,1
2026-06-11,2026-06-05,44,0lx2cLdOt3piJbcaXIV74f,willow,1707867,326047,1195507,0,1707867,1521554,78.6,21.4,0,0,15.2,,313.66,0.0,12.39,12.39,45,55.07,,1,5.9,2,44,1
2026-06-11,2026-06-05,45,4qmFC3Jz5aQ0erlk2OSi2X,Honey,1532761,385594,1072933,0,1532761,1458527,73.6,26.4,0,0,14.6,,384.14,0.0,1.45,1.45,51,49.11,,6,11.3,2,45,1
2026-06-11,2026-06-05,46,0P9wLFurlgumLXuqFEpw52,the 1,1614818,311252,1130373,0,1614818,1441625,78.4,21.6,0,0,14.4,,311.25,0.0,0.0,0.0,46,53.91,,0,1.6,2,46,2
2026-06-11,2026-06-05,47,3RauEVgRgj1IuWdJ9fDs70,The Man,1654333,253373,1158033,0,1654333,1411406,82.0,18.0,0,0,14.1,,253.37,0.0,0.0,0.0,44,56.54,,-3,-3.8,2,44,1
2026-06-11,2026-06-05,48,2x3mwb96B6TquRqMtbxUE1,Actually Romantic,1640554,258156,1148388,0,1640554,1406544,81.6,18.4,0,0,14.1,,256.75,0.0,1.4,1.4,43,55.63,,-5,-4.7,2,43,1
2026-06-11,2026-06-05,49,2F3N9tdombb64aW6VtZOdo,Down Bad,1564547,256581,1095183,0,1564547,1351764,81.0,19.0,0,0,13.5,,254.86,0.0,1.72,1.72,53,50.85,,4,4.7,2,49,1
2026-06-11,2026-06-05,50,4OAuvHryIVv4kMDNSLuPt6,Red,1715249,145457,1200674,0,1715249,1346131,89.2,10.8,0,0,13.5,,141.27,0.0,4.19,4.19,52,55.72,,2,3.7,2,50,1
2026-06-11,2026-06-05,51,1GwMQaZz6Au3QLDbjbMdme,Call It What You Want,1680818,143105,1176573,0,1680818,1319678,89.2,10.8,0,0,13.2,,143.1,0.0,0.0,0.0,50,56.77,,-1,0.2,2,50,1
2026-06-11,2026-06-05,52,5ylJtmaWPJ33cW3En7WOu0,Wood,1548158,232602,1083711,0,1548158,1316313,82.3,17.7,0,0,13.2,,231.03,0.0,1.57,1.57,47,53.1,,-5,-4.8,2,47,1
2026-06-11,2026-06-05,53,62HoDY1Km6lm47haFpUn9c,Eldest Daughter,1334613,377839,934229,0,1334613,1312068,71.2,28.8,0,0,13.1,,376.81,0.0,1.03,1.03,49,43.22,,-4,-1.5,2,49,1
2026-06-11,2026-06-05,54,1appZ3c336FkPvCuywfmrs,CANCELLED!,1442310,295082,1009617,0,1442310,1304699,77.4,22.6,0,0,13.0,,293.67,0.0,1.42,1.42,48,49.75,,-6,-2.6,2,48,1
2026-06-11,2026-06-05,55,5l6GqSxplqnZbLg0LTPQeG,Back To December,1689286,111526,1182500,0,1689286,1294026,91.4,8.6,0,0,12.9,,110.68,0.0,0.85,0.85,55,54.52,,0,2.6,2,55,2
2026-06-11,2026-06-05,56,2ULNeSomDxVNmdDy8VxEBU,22,1561709,179793,1093196,0,1561709,1272989,85.9,14.1,0,0,12.7,,178.78,0.0,1.02,1.02,54,53.25,,-2,-0.7,2,54,1
2026-06-11,2026-06-05,57,22bPsP2jCgbLUvh82U0Z3M,The Way I Loved You,1603068,146242,1122148,0,1603068,1268390,88.5,11.5,0,0,12.7,,146.24,0.0,0.0,0.0,56,53.94,,-1,1.0,2,56,1
2026-06-11,2026-06-05,58,2XXwLdtuAcE0HSCu61ijAb,My Boy Only Breaks His Favorite Toys,1212493,338301,848745,0,1212493,1187046,71.5,28.5,0,0,11.9,,338.3,0.0,0.0,0.0,66,39.21,,8,9.4,2,58,1
2026-06-11,2026-06-05,59,4y5bvROuBDPr5fuwXbIBZR,Paper Rings,1543643,97706,1080550,0,1543643,1178256,91.7,8.3,0,0,11.8,,95.73,0.0,1.98,1.98,59,51.29,,0,1.2,2,59,2
2026-06-11,2026-06-05,60,4zmKGsrXjLmljb5fTaBTot,Snow On The Beach (feat. More Lana Del Rey),1366913,205666,956839,0,1366913,1162505,82.3,17.7,0,0,11.6,,203.62,0.0,2.05,2.05,60,45.91,,0,1.8,2,60,2
2026-06-11,2026-06-05,61,0hhzNPE68LWLfgZwdpxVdR,us. (feat. Taylor Swift),1208162,316069,845713,0,1208162,1161782,72.8,27.2,0,0,11.6,,316.07,0.0,0.0,0.0,58,37.0,,-3,-0.2,2,58,1
2026-06-11,2026-06-05,62,77sMIMlNaSURUAXq5coCxE,Fearless,1431755,143599,1002228,0,1431755,1145827,87.5,12.5,0,0,11.5,,143.6,0.0,0.0,0.0,67,44.96,,5,6.1,2,62,1
2026-06-11,2026-06-05,63,7qEUFOVcxRI19tbT68JcYK,Everything Has Changed (feat. Ed Sheeran),1456068,110680,1019248,0,1456068,1129928,90.2,9.8,0,0,11.3,,110.68,0.0,0.0,0.0,71,42.79,,8,12.0,2,63,1
2026-06-11,2026-06-05,64,3zwMVvkBe2qIKDObWgXw4N,right where you left me - bonus track,1446869,107866,1012808,0,1446869,1120674,90.4,9.6,0,0,11.2,,106.94,0.0,0.93,0.93,57,48.33,,-7,-4.3,2,57,1
2026-06-11,2026-06-05,65,7kt9e9LFSpN1zQtYEl19o1,this is me trying,1366223,148962,956356,0,1366223,1105318,86.5,13.5,0,0,11.1,,148.08,0.0,0.88,0.88,62,46.67,,-3,-0.6,2,62,1
2026-06-11,2026-06-05,66,3rWDp9tBPQR9z6U5YyRSK4,Midnight Rain,1342078,165195,939455,0,1342078,1104650,85.0,15.0,0,0,11.0,,163.06,0.0,2.13,2.13,63,44.46,,-3,0.0,2,63,1
2026-06-11,2026-06-05,67,0sY6ZUTh4yoctD8VIXz339,champagne problems,1297025,194596,907918,0,1297025,1102514,82.3,17.7,0,0,11.0,,194.6,0.0,0.0,0.0,61,44.67,,-6,-1.8,2,61,1
2026-06-11,2026-06-05,68,2NmsngXHeC1GQ9wWrzhOMf,illicit affairs,1329821,163723,930875,0,1329821,1094598,85.0,15.0,0,0,10.9,,162.47,0.0,1.26,1.26,65,43.11,,-3,0.4,2,65,1
2026-06-11,2026-06-05,69,12M5uqx0ZuwkpLp5rJim1a,Cornelia Street,1316083,170670,921258,0,1316083,1091928,84.4,15.6,0,0,10.9,,170.67,0.0,0.0,0.0,72,40.65,,3,8.8,2,69,1
2026-06-11,2026-06-05,70,6IG3sQ8s9nfk6TUlVzRhbN,Is It Over Now? (Taylor's Version) (From The Vault),1303381,169846,912367,0,1303381,1082213,84.3,15.7,0,0,10.8,,169.85,0.0,0.0,0.0,85,35.65,,15,20.5,2,70,1
2026-06-11,2026-06-05,71,5og4Qzt92jJzVDkOtSEilb,But Daddy I Love Him,1186699,246984,830689,0,1186699,1077673,77.1,22.9,0,0,10.8,,246.98,0.0,0.0,0.0,76,35.17,,5,12.5,2,71,1
2026-06-11,2026-06-05,72,2x0WlnmfG39ZuDmstl9xfX,End Game,1047952,326781,733566,0,1047952,1060347,69.2,30.8,0,0,10.6,,326.78,0.0,0.0,0.0,68,37.51,,-4,-0.1,2,68,1
2026-06-11,2026-06-05,73,6kl8thRysTeVV3WvKxgZAy,Who's Afraid of Little Old Me?,1185861,220327,830103,0,1185861,1050430,79.0,21.0,0,0,10.5,,220.33,0.0,0.0,0.0,64,40.72,,-9,-4.5,2,64,1
2026-06-11,2026-06-05,74,5jQI2r1RdgtuT8S3iG8zFC,Lavender Haze,1147250,229757,803075,0,1147250,1032832,77.8,22.2,0,0,10.3,,229.76,0.0,0.0,0.0,69,39.4,,-5,1.0,2,69,1
2026-06-11,2026-06-05,75,4WBEj8TeGtRPNJdOmT3WJW,This Love,1225040,169822,857528,0,1225040,1027350,83.5,16.5,0,0,10.3,,169.82,0.0,0.0,0.0,75,38.88,,0,5.0,2,75,2
2026-06-11,2026-06-05,76,3nRmDz7qGCvsMS30rGGY0x,Welcome To New York,1152418,206613,806693,0,1152418,1013306,79.6,20.4,0,0,10.1,,202.98,0.0,3.64,3.64,70,39.01,,-6,-0.3,2,70,1
2026-06-11,2026-06-05,77,6VsvKPJ4xjVNKpI8VVZ3SV,invisible string,1174629,186847,822240,0,1174629,1009087,81.5,18.5,0,0,10.1,,183.25,0.0,3.6,3.6,80,37.5,,3,6.8,2,77,1
2026-06-11,2026-06-05,78,214nt20w5wOxJnY462klLw,Miss Americana & The Heartbreak Prince,1097410,234325,768187,0,1097410,1002512,76.6,23.4,0,0,10.0,,234.33,0.0,0.0,0.0,73,35.59,,-5,0.3,2,73,1
2026-06-11,2026-06-05,79,1ZY1PqizIl78geGM4xWlEA,Gorgeous,1041362,270594,728953,0,1041362,999547,72.9,27.1,0,0,10.0,,268.83,0.0,1.77,1.77,90,33.46,,11,15.4,2,79,1
2026-06-11,2026-06-05,80,3pHkh7d0lzM2AldUtz2x37,The Archer,1236351,114895,865446,0,1236351,980341,88.3,11.7,0,0,9.8,,113.98,0.0,0.91,0.91,81,39.49,,1,6.0,2,80,1
2026-06-11,2026-06-05,81,3qoftcUZaUOncvIYjFSPdE,Bejeweled,1098163,194574,768714,0,1098163,963288,79.8,20.2,0,0,9.6,,194.57,0.0,0.0,0.0,77,36.77,,-4,0.8,2,77,1
2026-06-11,2026-06-05,82,5jQyGzcwqAxwT5QUIMivoX,mirrorball,1156374,130500,809462,0,1156374,939962,86.1,13.9,0,0,9.4,,130.5,0.0,0.0,0.0,79,39.3,,-3,-1.0,2,79,1
2026-06-11,2026-06-05,83,3eX0NZfLtGzoLUxPNvRfqm,Maroon,1079525,180506,755668,0,1079525,936174,80.7,19.3,0,0,9.4,,180.51,0.0,0.0,0.0,78,36.07,,-5,-1.7,2,78,1
2026-06-11,2026-06-05,84,4svZDCRz4cJoneBpjpx8DJ,I Did Something Bad,845632,320177,591942,0,845632,912119,64.9,35.1,0,0,9.1,,320.18,0.0,0.0,0.0,84,29.64,,0,1.5,2,84,2
2026-06-11,2026-06-05,85,5hQSXkFgbxjZo9uCwd11so,False God,1062679,154477,743875,0,1062679,898352,82.8,17.2,0,0,9.0,,149.25,0.0,5.23,5.23,88,35.48,,3,2.4,2,85,1
2026-06-11,2026-06-05,86,3Vevii7qKqrmW8CcyzBHDl,"So Long, London",1043849,165525,730694,0,1043849,896219,81.5,18.5,0,0,9.0,,165.53,0.0,0.0,0.0,74,37.59,,-12,-8.5,2,74,1
2026-06-11,2026-06-05,87,2Rk4JlNc2TPmZe2af99d45,ME! (feat. Brendon Urie of Panic! At The Disco),923814,244725,646670,0,923814,891395,72.5,27.5,0,0,8.9,,239.45,0.0,5.28,5.28,91,30.48,,4,3.3,2,87,1
2026-06-11,2026-06-05,88,7G0gBu6nLdhFDPRLc0HdDG,Mine,1055359,152613,738751,0,1055359,891364,82.9,17.1,0,0,8.9,,150.49,0.0,2.13,2.13,100,31.68,,12,18.9,2,88,1
2026-06-11,2026-06-05,89,4bBDkw2KBMX0tcgAaXC83Q,Labyrinth,1129458,92480,790621,0,1129458,883101,89.5,10.5,0,0,8.8,,92.48,0.0,0.0,0.0,83,38.57,,-6,-1.9,2,83,1
2026-06-11,2026-06-05,90,18WFFUIsewmA8g31KAeo3e,The Prophecy,1019833,157194,713883,0,1019833,871077,82.0,18.0,0,0,8.7,,157.19,0.0,0.0,0.0,87,33.79,,-3,-1.7,2,87,1
2026-06-11,2026-06-05,91,0CD7DzeCsuPJygddqlUVYa,"""Slut!"" (Taylor's Version) (From The Vault)",1185793,40349,830055,0,1185793,870404,95.4,4.6,0,0,8.7,,32.61,0.0,7.74,7.74,86,38.39,,-5,-2.9,2,86,1
2026-06-11,2026-06-05,92,4GBbcyrbDzwRtQjrsDRywK,The Smallest Man Who Ever Lived,983134,158388,688194,0,983134,846582,81.3,18.7,0,0,8.5,,158.39,0.0,0.0,0.0,82,35.11,,-10,-6.4,2,82,1
2026-06-11,2026-06-05,93,15DeqWWQB4dcEWzJg15VrN,Our Song,1038631,110680,727042,0,1038631,837722,86.8,13.2,0,0,8.4,,110.68,0.0,0.0,0.0,96,31.92,,3,7.3,2,93,1
2026-06-11,2026-06-05,94,3xYJScVfxByb61dYHTwiby,Hits Different,917648,193664,642354,0,917648,836018,76.8,23.2,0,0,8.4,,193.66,0.0,0.0,0.0,,23.61,NEW,,,1,94,1
2026-06-11,2026-06-05,95,3CWq0pAKKTWb0K4yiglDc4,You're Losing Me (From The Vault),1051295,99426,735906,0,1051295,835332,88.1,11.9,0,0,8.4,,98.63,0.0,0.79,0.79,89,35.78,,-6,-4.1,2,89,1
2026-06-11,2026-06-05,96,1By2VQkUN0Frd8mKNV5NYC,Better Than Revenge,1022485,110680,715740,0,1022485,826420,86.6,13.4,0,0,8.3,,110.68,0.0,0.0,0.0,94,33.8,,-2,0.7,2,94,1
2026-06-11,2026-06-05,97,5M787RexsAiVYjQusM98CV,New Romantics,1038903,97672,727232,0,1038903,824904,88.2,11.8,0,0,8.2,,97.67,0.0,0.0,0.0,92,35.63,,-5,-3.9,2,92,1
2026-06-11,2026-06-05,98,3z6XUommYDWPHeFhmhhT6j,Message In A Bottle (Taylor's Version) (From The Vault),866370,205393,606459,0,866370,811852,74.7,25.3,0,0,8.1,,205.39,0.0,0.0,0.0,,29.6,NEW,,,1,98,1
2026-06-11,2026-06-05,99,73W5aXorr5vxrySFcoZqIN,Renegade,983803,110680,688662,0,983803,799342,86.2,13.8,0,0,8.0,,110.68,0.0,0.0,0.0,,27.33,NEW,,,1,99,1
2026-06-11,2026-06-05,100,1tuNqJOtRQVHvONR8Lg3MZ,The Alchemy,946699,131220,662689,0,946699,793909,83.5,16.5,0,0,7.9,,131.22,0.0,0.0,0.0,93,33.31,,-7,-5.6,2,93,1
2026-06-18,2026-06-12,1,5uPaqMMt59KGrdKIitDRqa,"I Knew It, I Knew You",22374729,6864275,21386616,19081020,3293709,28250891,75.7,24.3,0,0,282.5,24,3500.0,799.3,2564.97,3364.28,1,1184.61,,0,-37.6,2,1,2
2026-06-18,2026-06-12,2,53iuhJlwXhSER5J2IYYv1W,The Fate of Ophelia,18540324,5600008,18239992,17539219,1001105,23840000,76.5,23.5,0,0,238.4,34,3500.0,233.76,1866.25,2100.01,2,665.07,,0,-7.5,3,1,1
2026-06-18,2026-06-12,3,3yWuTOYDztXjZxdE2cIRUa,Opalite,10200163,2715334,10011860,9572486,627677,12727194,78.7,21.3,0,0,127.3,132,2081.11,122.31,511.92,634.22,3,359.08,,0,-3.6,3,2,1
2026-06-18,2026-06-12,4,1BxfuPKGuaTgP7aM0Bbdwr,Cruel Summer,8291179,1682870,5901040,324049,7967130,7583910,77.8,22.2,0,0,75.8,,1353.23,0.0,329.64,329.64,4,280.31,,0,-6.1,3,3,1
2026-06-18,2026-06-12,5,1u8c2t2Cy7UBoG4ArRcF5g,Blank Space,8483817,858906,5999140,201562,8282255,6858046,87.5,12.5,0,0,68.6,,820.71,0.0,38.2,38.2,6,277.19,,1,1.1,3,5,2
2026-06-18,2026-06-12,6,0ug5NqcwcFR2xrfTkc7k8e,Style,8266134,951865,5836139,166152,8099982,6788004,86.0,14.0,0,0,67.9,,844.94,0.0,106.93,106.93,5,282.98,,-1,-0.6,3,4,1
2026-06-18,2026-06-12,7,0cqRj7pUJDkTCEsJkx8snD,Shake It Off,6260363,930974,4382254,0,6260363,5313228,82.5,17.5,0,0,53.1,,925.88,0.0,5.1,5.1,8,214.66,,1,-2.6,3,6,1
2026-06-18,2026-06-12,8,6YvqWjhGD8mB5QXcbcUKtx,Love Story,6787348,521431,4751144,0,6787348,5272575,90.1,9.9,0,0,52.7,,456.87,0.0,64.57,64.57,7,238.28,,-1,-4.5,3,7,2
2026-06-18,2026-06-12,9,1qrpoAMXodY6895hGKoUpA,You Belong With Me,6147680,454353,4303376,0,6147680,4757729,90.5,9.5,0,0,47.6,,421.1,0.0,33.25,33.25,9,206.98,,0,0.3,3,9,3
2026-06-18,2026-06-12,10,1dGr1c8CrMLDpV6mPbImSI,Lover,4828275,1066286,3379792,0,4828275,4446078,76.0,24.0,0,0,44.5,,941.82,0.0,124.47,124.47,12,162.09,,2,1.0,3,10,2
2026-06-18,2026-06-12,11,4R2kfaDFhslZEMJqAFNpdd,cardigan,5299340,560457,3709538,0,5299340,4269995,86.9,13.1,0,0,42.7,,525.49,0.0,34.97,34.97,11,176.29,,0,-3.1,3,11,2
2026-06-18,2026-06-12,12,3AKV7Mvo2Mx4tb39iPvPlT,Elizabeth Taylor,3507418,1748015,2455193,0,3507418,4203208,58.4,41.6,0,0,42.0,,1726.72,0.0,21.3,21.3,15,123.93,,3,2.3,3,11,1
2026-06-18,2026-06-12,13,5enxwA8aAbwZbf5qCHORXi,All Too Well (10 Minute Version) (Taylor's Version) (From The Vault),5474179,354825,3831925,0,5474179,4186750,91.5,8.5,0,0,41.9,,290.96,0.0,63.86,63.86,13,187.04,,0,-2.5,3,12,1
2026-06-18,2026-06-12,14,2OzhQlSqBEmt7hmkYxfT6m,Fortnight (feat. Post Malone),4061846,1235341,2843292,0,4061846,4078633,69.7,30.3,0,0,40.8,,1182.95,0.0,52.39,52.39,10,150.82,,-4,-10.4,3,8,1
2026-06-18,2026-06-12,15,4A4A6dwl5DqdqrZaEtKGPR,Wildest Dreams,5089306,407613,3562514,0,5089306,3970127,89.7,10.3,0,0,39.7,,384.99,0.0,22.63,22.63,14,181.9,,-1,-7.1,3,13,1
2026-06-18,2026-06-12,16,3hUxzQpSfdDqwM3ZTFQY0K,august,4856186,386627,3399330,0,4856186,3785957,89.8,10.2,0,0,37.9,,376.56,0.0,10.06,10.06,17,160.94,,1,0.7,3,16,2
2026-06-18,2026-06-12,17,72jCZdH0Lhg93z6Z4hBjgj,I Knew You Were Trouble.,3915545,902312,2740882,0,3915545,3643194,75.2,24.8,0,0,36.4,,898.73,0.0,3.59,3.59,16,136.99,,-1,-4.1,3,15,1
2026-06-18,2026-06-12,18,2y5aJvzXhHPA94U5GFAcXe,I Don't Wanna Live Forever (Fifty Shades Darker),3684643,528480,2579250,0,3684643,3107730,83.0,17.0,0,0,31.1,,526.38,0.0,2.1,2.1,18,127.22,,0,-2.2,3,17,1
2026-06-18,2026-06-12,19,04S1pkp1VaIqjg8zZqknR5,Enchanted,4092338,211107,2864637,0,4092338,3075744,93.1,6.9,0,0,30.8,,161.38,0.0,49.73,49.73,19,132.83,,0,2.1,3,18,1
2026-06-18,2026-06-12,20,1R0a2iXumgCiFb7HEZ7gUE,Don't Blame Me,2893003,499245,2025102,0,2893003,2524347,80.2,19.8,0,0,25.2,,499.24,0.0,0.0,0.0,21,101.83,,1,-4.1,3,20,2
2026-06-18,2026-06-12,21,0V3wPSX9ygBnCm8psDIegu,Anti-Hero,2921849,461095,2045294,0,2921849,2506389,81.6,18.4,0,0,25.1,,457.19,0.0,3.91,3.91,22,102.55,,1,-3.5,3,21,2
2026-06-18,2026-06-12,22,6NFyWDv5CjfwuzoCkw47Xf,Delicate,2818291,502057,1972804,0,2818291,2474861,79.7,20.3,0,0,24.7,,471.15,0.0,30.91,30.91,20,100.85,,-2,-9.3,3,19,1
2026-06-18,2026-06-12,23,1fzAuUVbzlhZ1lJAx9PtY6,Daylight,3006832,341020,2104782,0,3006832,2445802,86.1,13.9,0,0,24.5,,308.97,0.0,32.05,32.05,23,97.63,,0,4.1,3,23,2
2026-06-18,2026-06-12,24,2NlmmAjGYrrjAp0MED5rGx,Bad Blood,2656628,484982,1859640,0,2656628,2344622,79.3,20.7,0,0,23.4,,484.2,0.0,0.78,0.78,26,90.09,,2,2.6,3,22,1
2026-06-18,2026-06-12,25,4pvb0WLRcMtbPGmtejJJ6y,exile (feat. Bon Iver),2846138,327241,1992297,0,2846138,2319538,85.9,14.1,0,0,23.2,,322.97,0.0,4.27,4.27,24,94.92,,-1,-0.5,3,23,1
2026-06-18,2026-06-12,26,6RRNNciQGZEXnqk8SQ9yv5,You Need To Calm Down,1370410,1338750,959287,0,1370410,2298037,41.7,58.3,0,0,23.0,,1310.66,0.0,28.09,28.09,32,47.42,,6,15.5,3,26,1
2026-06-18,2026-06-12,27,6oVxXO5oQ4pTpO8RSnkzvv,Dress,2862395,225327,2003676,0,2862395,2229003,89.9,10.1,0,0,22.3,,225.33,0.0,0.0,0.0,27,96.22,,0,-0.1,3,25,1
2026-06-18,2026-06-12,28,1P17dC1amhFzptugyAO7Il,Look What You Made Me Do,1790796,815608,1253557,0,1790796,2069165,60.6,39.4,0,0,20.7,,815.61,0.0,0.0,0.0,29,61.89,,1,-3.4,3,27,1
2026-06-18,2026-06-12,29,1MgV7FIyNxIG7WzMRJV5HC,my tears ricochet,2532644,292842,1772851,0,2532644,2065693,85.8,14.2,0,0,20.7,,284.59,0.0,8.25,8.25,30,85.16,,1,-0.1,3,29,1
2026-06-18,2026-06-12,30,4dgf2DYVJbtmy8zAYLs4c7,I Can Do It With a Broken Heart,2341755,408533,1639228,0,2341755,2047761,80.0,20.0,0,0,20.5,,408.53,0.0,0.0,0.0,28,87.99,,-2,-8.1,3,28,2
2026-06-18,2026-06-12,31,0W0iAC1VGlB82PI6elxFYf,Guilty as Sin?,2383079,242009,1668155,0,2383079,1910164,87.3,12.7,0,0,19.1,,214.73,0.0,27.28,27.28,25,90.7,,-6,-17.6,3,25,1
2026-06-18,2026-06-12,32,2TEQvxxQabwLQMqWMg1qGu,Wi$h Li$t,2392933,197936,1675053,0,2392933,1872989,89.4,10.6,0,0,18.7,,190.9,0.0,7.04,7.04,35,80.56,,3,-2.3,3,32,1
2026-06-18,2026-06-12,33,5eXgqtg3T8Av0m1FUaGHex,The Life of a Showgirl (feat. Sabrina Carpenter),2125346,374160,1487742,0,2125346,1861902,79.9,20.1,0,0,18.6,,374.16,0.0,0.0,0.0,34,72.05,,1,-3.3,3,32,1
2026-06-18,2026-06-12,34,62V2ZHslgQV98gH4AuVXnr,Ruin The Friendship,2186045,326190,1530232,0,2186045,1856422,82.4,17.6,0,0,18.6,,314.74,0.0,11.45,11.45,31,77.09,,-3,-7.2,3,30,1
2026-06-18,2026-06-12,35,7AEAGTc8cReDqcbPoY9gwo,We Are Never Ever Getting Back Together,2186218,293357,1530353,0,2186218,1823710,83.9,16.1,0,0,18.2,,293.36,0.0,0.0,0.0,37,73.99,,2,-4.4,3,35,1
2026-06-18,2026-06-12,36,2yLa0QULdQr0qAIvVwN6B5,...Ready For It?,1839129,478802,1287390,0,1839129,1766192,72.9,27.1,0,0,17.7,,475.73,0.0,3.07,3.07,36,66.44,,0,-7.5,3,33,1
2026-06-18,2026-06-12,37,03bTIHJElXZ0O0jqOQvAbY,Father Figure,1970637,330442,1379446,0,1970637,1709888,80.7,19.3,0,0,17.1,,326.9,0.0,3.54,3.54,33,75.01,,-4,-11.9,3,33,1
2026-06-18,2026-06-12,38,4D7BCuvgdJlYvlX5WlN54t,"You're On Your Own, Kid",2077520,212922,1454264,0,2077520,1667186,87.2,12.8,0,0,16.7,,211.17,0.0,1.75,1.75,40,68.84,,2,0.9,3,38,2
2026-06-18,2026-06-12,39,0VE4kBnHJUgtMf0dy6DRmW,Getaway Car,1932358,240744,1352651,0,1932358,1593395,84.9,15.1,0,0,15.9,,240.74,0.0,0.0,0.0,38,71.79,,-1,-10.5,3,37,1
2026-06-18,2026-06-12,40,3YkNIrAvbKNrrwwEd7NVLl,loml,1844027,230948,1290819,0,1844027,1521767,84.8,15.2,0,0,15.2,,228.28,0.0,2.67,2.67,43,61.99,,3,-1.6,3,40,2
2026-06-18,2026-06-12,41,045ZeOHPIzhxxsm8bq5kyE,Out Of The Woods,1662016,350637,1163411,0,1662016,1514048,76.8,23.2,0,0,15.1,,322.68,0.0,27.96,27.96,41,58.67,,0,-4.4,3,39,1
2026-06-18,2026-06-12,42,1J1ldDi3rMQlRi49gaba0a,So High School,1894935,166362,1326454,0,1894935,1492816,88.9,11.1,0,0,14.9,,166.36,0.0,0.0,0.0,39,73.12,,-3,-12.0,3,39,1
2026-06-18,2026-06-12,43,0lx2cLdOt3piJbcaXIV74f,willow,1634876,302697,1144413,0,1634876,1447110,79.1,20.9,0,0,14.5,,288.23,0.0,14.46,14.46,44,56.93,,1,-4.9,3,43,1
2026-06-18,2026-06-12,44,45R112Jz5hQeKgITXgSXzs,Karma,1533355,373710,1073348,0,1533355,1447058,74.2,25.8,0,0,14.5,,373.71,0.0,0.0,0.0,42,57.29,,-2,-7.2,3,41,1
2026-06-18,2026-06-12,45,3RauEVgRgj1IuWdJ9fDs70,The Man,1591352,267261,1113946,0,1591352,1381207,80.7,19.3,0,0,13.8,,267.26,0.0,0.0,0.0,47,55.14,,2,-2.1,3,44,1
2026-06-18,2026-06-12,46,0P9wLFurlgumLXuqFEpw52,the 1,1493795,306512,1045656,0,1493795,1352168,77.3,22.7,0,0,13.5,,304.82,0.0,1.69,1.69,46,53.83,,0,-6.2,3,46,3
2026-06-18,2026-06-12,47,2x3mwb96B6TquRqMtbxUE1,Actually Romantic,1583871,242338,1108710,0,1583871,1351048,82.1,17.9,0,0,13.5,,242.34,0.0,0.0,0.0,48,54.69,,1,-3.9,3,43,1
2026-06-18,2026-06-12,48,4qmFC3Jz5aQ0erlk2OSi2X,Honey,1475480,313343,1032836,0,1475480,1346179,76.7,23.3,0,0,13.5,,313.34,0.0,0.0,0.0,45,51.09,,-3,-7.7,3,45,1
2026-06-18,2026-06-12,49,5ylJtmaWPJ33cW3En7WOu0,Wood,1513834,213778,1059684,0,1513834,1273462,83.2,16.8,0,0,12.7,,212.89,0.0,0.89,0.89,52,51.61,,3,-3.3,3,47,1
2026-06-18,2026-06-12,50,4OAuvHryIVv4kMDNSLuPt6,Red,1570955,135931,1099668,0,1570955,1235599,89.0,11.0,0,0,12.4,,135.93,0.0,0.0,0.0,50,57.17,,0,-8.2,3,50,2
2026-06-18,2026-06-12,51,22bPsP2jCgbLUvh82U0Z3M,The Way I Loved You,1532131,144225,1072492,0,1532131,1216717,88.1,11.9,0,0,12.2,,144.23,0.0,0.0,0.0,57,53.44,,6,-4.1,3,51,1
2026-06-18,2026-06-12,52,2ULNeSomDxVNmdDy8VxEBU,22,1455331,191678,1018732,0,1455331,1210410,84.2,15.8,0,0,12.1,,189.93,0.0,1.75,1.75,56,52.06,,4,-4.9,3,52,1
2026-06-18,2026-06-12,53,1GwMQaZz6Au3QLDbjbMdme,Call It What You Want,1522314,143366,1065620,0,1522314,1208986,88.1,11.9,0,0,12.1,,140.28,0.0,3.08,3.08,51,56.03,,-2,-8.4,3,50,1
2026-06-18,2026-06-12,54,62HoDY1Km6lm47haFpUn9c,Eldest Daughter,1243048,338536,870134,0,1243048,1208670,72.0,28.0,0,0,12.1,,338.54,0.0,0.0,0.0,53,44.49,,-1,-7.9,3,49,1
2026-06-18,2026-06-12,55,4y5bvROuBDPr5fuwXbIBZR,Paper Rings,1520448,142766,1064314,0,1520448,1207080,88.2,11.8,0,0,12.1,,141.93,0.0,0.84,0.84,59,51.45,,4,2.4,3,55,1
2026-06-18,2026-06-12,56,5l6GqSxplqnZbLg0LTPQeG,Back To December,1667437,15931,1167206,0,1667437,1183137,98.7,1.3,0,0,11.8,,15.93,0.0,0.0,0.0,55,56.31,,-1,-8.6,3,55,2
2026-06-18,2026-06-12,57,1appZ3c336FkPvCuywfmrs,CANCELLED!,1326444,252460,928511,0,1326444,1180971,78.6,21.4,0,0,11.8,,249.99,0.0,2.47,2.47,54,48.08,,-3,-9.5,3,48,1
2026-06-18,2026-06-12,58,2F3N9tdombb64aW6VtZOdo,Down Bad,1332035,242427,932424,0,1332035,1174851,79.4,20.6,0,0,11.7,,237.11,0.0,5.32,5.32,49,52.15,,-9,-13.1,3,49,1
2026-06-18,2026-06-12,59,2NmsngXHeC1GQ9wWrzhOMf,illicit affairs,1360828,176442,952580,0,1360828,1129022,84.4,15.6,0,0,11.3,,175.44,0.0,1.0,1.0,68,44.33,,9,3.1,3,59,1
2026-06-18,2026-06-12,60,3zwMVvkBe2qIKDObWgXw4N,right where you left me - bonus track,1435425,122463,1004797,0,1435425,1127260,89.1,10.9,0,0,11.3,,117.99,0.0,4.47,4.47,64,48.23,,4,0.6,3,57,1
2026-06-18,2026-06-12,61,7kt9e9LFSpN1zQtYEl19o1,this is me trying,1361107,144831,952775,0,1361107,1097606,86.8,13.2,0,0,11.0,,141.0,0.0,3.83,3.83,65,45.54,,4,-0.7,3,61,1
2026-06-18,2026-06-12,62,0sY6ZUTh4yoctD8VIXz339,champagne problems,1296893,187181,907825,0,1296893,1095006,82.9,17.1,0,0,11.0,,187.18,0.0,0.0,0.0,67,43.23,,5,-0.7,3,61,1
2026-06-18,2026-06-12,63,77sMIMlNaSURUAXq5coCxE,Fearless,1354619,139607,948233,0,1354619,1087840,87.2,12.8,0,0,10.9,,139.61,0.0,0.0,0.0,62,47.73,,-1,-5.1,3,62,1
2026-06-18,2026-06-12,64,4zmKGsrXjLmljb5fTaBTot,Snow On The Beach (feat. More Lana Del Rey),1253990,204426,877793,0,1253990,1082219,81.1,18.9,0,0,10.8,,199.82,0.0,4.61,4.61,60,45.56,,-4,-6.9,3,60,2
2026-06-18,2026-06-12,65,3nRmDz7qGCvsMS30rGGY0x,Welcome To New York,1232233,206847,862563,0,1232233,1069410,80.7,19.3,0,0,10.7,,204.87,0.0,1.98,1.98,76,38.41,,11,5.5,3,65,1
2026-06-18,2026-06-12,66,0hhzNPE68LWLfgZwdpxVdR,us. (feat. Taylor Swift),1017850,340359,712495,0,1017850,1052854,67.7,32.3,0,0,10.5,,340.36,0.0,0.0,0.0,61,40.27,,-5,-9.4,3,58,1
2026-06-18,2026-06-12,67,3rWDp9tBPQR9z6U5YyRSK4,Midnight Rain,1231486,176470,862040,0,1231486,1038510,83.0,17.0,0,0,10.4,,175.48,0.0,0.99,0.99,66,44.74,,-1,-6.0,3,63,1
2026-06-18,2026-06-12,68,7qEUFOVcxRI19tbT68JcYK,Everything Has Changed (feat. Ed Sheeran),1313908,110680,919736,0,1313908,1030416,89.3,10.7,0,0,10.3,,110.68,0.0,0.0,0.0,63,48.54,,-5,-8.8,3,63,1
2026-06-18,2026-06-12,69,2XXwLdtuAcE0HSCu61ijAb,My Boy Only Breaks His Favorite Toys,982822,333159,687975,0,982822,1021134,67.4,32.6,0,0,10.2,,333.16,0.0,0.0,0.0,58,40.42,,-11,-14.0,3,58,1
2026-06-18,2026-06-12,70,6kl8thRysTeVV3WvKxgZAy,Who's Afraid of Little Old Me?,1091053,234608,763737,0,1091053,998345,76.5,23.5,0,0,10.0,,234.61,0.0,0.0,0.0,73,39.53,,3,-5.0,3,64,1
2026-06-18,2026-06-12,71,6VsvKPJ4xjVNKpI8VVZ3SV,invisible string,1169351,177420,818546,0,1169351,995966,82.2,17.8,0,0,10.0,,175.38,0.0,2.04,2.04,77,39.15,,6,-1.3,3,71,1
2026-06-18,2026-06-12,72,12M5uqx0ZuwkpLp5rJim1a,Cornelia Street,1138692,186980,797084,0,1138692,984064,81.0,19.0,0,0,9.8,,186.18,0.0,0.8,0.8,69,43.87,,-3,-9.9,3,69,1
2026-06-18,2026-06-12,73,2x0WlnmfG39ZuDmstl9xfX,End Game,930110,320252,651077,0,930110,971329,67.0,33.0,0,0,9.7,,319.5,0.0,0.75,0.75,72,34.93,,-1,-8.4,3,68,1
2026-06-18,2026-06-12,74,5jQI2r1RdgtuT8S3iG8zFC,Lavender Haze,1059630,229376,741741,0,1059630,971117,76.4,23.6,0,0,9.7,,229.38,0.0,0.0,0.0,74,38.24,,0,-6.0,3,69,1
2026-06-18,2026-06-12,75,4WBEj8TeGtRPNJdOmT3WJW,This Love,1089660,180105,762762,0,1089660,942867,80.9,19.1,0,0,9.4,,178.41,0.0,1.69,1.69,75,40.83,,0,-8.2,3,75,3
2026-06-18,2026-06-12,76,3qoftcUZaUOncvIYjFSPdE,Bejeweled,1021934,219753,715354,0,1021934,935107,76.5,23.5,0,0,9.4,,219.75,0.0,0.0,0.0,81,36.61,,5,-2.9,3,76,1
2026-06-18,2026-06-12,77,214nt20w5wOxJnY462klLw,Miss Americana & The Heartbreak Prince,945064,254016,661545,0,945064,915561,72.3,27.7,0,0,9.2,,254.02,0.0,0.0,0.0,78,36.58,,1,-8.7,3,73,1
2026-06-18,2026-06-12,78,0CD7DzeCsuPJygddqlUVYa,"""Slut!"" (Taylor's Version) (From The Vault)",1118362,122154,782853,0,1118362,905007,86.5,13.5,0,0,9.1,,116.16,0.0,6.0,6.0,91,39.53,,13,4.0,3,78,1
2026-06-18,2026-06-12,79,5jQyGzcwqAxwT5QUIMivoX,mirrorball,1095400,135963,766780,0,1095400,902743,84.9,15.1,0,0,9.0,,135.96,0.0,0.0,0.0,82,38.55,,3,-4.0,3,79,2
2026-06-18,2026-06-12,80,3pHkh7d0lzM2AldUtz2x37,The Archer,1111354,117326,777948,0,1111354,895274,86.9,13.1,0,0,9.0,,116.44,0.0,0.88,0.88,80,41.21,,0,-8.7,3,80,2
2026-06-18,2026-06-12,81,4svZDCRz4cJoneBpjpx8DJ,I Did Something Bad,809495,316192,566646,0,809495,882838,64.2,35.8,0,0,8.8,,316.19,0.0,0.0,0.0,84,28.19,,3,-3.2,3,81,1
2026-06-18,2026-06-12,82,1ZY1PqizIl78geGM4xWlEA,Gorgeous,982555,193065,687788,0,982555,880853,78.1,21.9,0,0,8.8,,193.07,0.0,0.0,0.0,79,34.71,,-3,-11.9,3,79,1
2026-06-18,2026-06-12,83,4bBDkw2KBMX0tcgAaXC83Q,Labyrinth,1074412,128195,752088,0,1074412,880283,85.4,14.6,0,0,8.8,,120.74,0.0,7.46,7.46,89,37.65,,6,-0.3,3,83,2
2026-06-18,2026-06-12,84,2Rk4JlNc2TPmZe2af99d45,ME! (feat. Brendon Urie of Panic! At The Disco),859647,277316,601753,0,859647,879069,68.5,31.5,0,0,8.8,,267.16,0.0,10.15,10.15,87,30.79,,3,-1.4,3,84,1
2026-06-18,2026-06-12,85,5og4Qzt92jJzVDkOtSEilb,But Daddy I Love Him,950553,210469,665387,0,950553,875856,76.0,24.0,0,0,8.8,,210.47,0.0,0.0,0.0,71,39.56,,-14,-18.7,3,71,1
2026-06-18,2026-06-12,86,6IG3sQ8s9nfk6TUlVzRhbN,Is It Over Now? (Taylor's Version) (From The Vault),972252,151710,680576,0,972252,832286,81.8,18.2,0,0,8.3,,151.71,0.0,0.0,0.0,70,43.45,,-16,-23.1,3,70,1
2026-06-18,2026-06-12,87,5hQSXkFgbxjZo9uCwd11so,False God,958744,155065,671121,0,958744,826186,81.2,18.8,0,0,8.3,,153.05,0.0,2.01,2.01,85,35.42,,-2,-8.0,3,85,1
2026-06-18,2026-06-12,88,7G0gBu6nLdhFDPRLc0HdDG,Mine,937497,165760,656248,0,937497,822008,79.8,20.2,0,0,8.2,,165.76,0.0,0.0,0.0,88,35.18,,0,-7.8,3,88,2
2026-06-18,2026-06-12,89,1By2VQkUN0Frd8mKNV5NYC,Better Than Revenge,1011139,110680,707797,0,1011139,818477,86.5,13.5,0,0,8.2,,110.68,0.0,0.0,0.0,96,34.08,,7,-1.0,3,89,1
2026-06-18,2026-06-12,90,5M787RexsAiVYjQusM98CV,New Romantics,961080,135976,672756,0,961080,808732,83.2,16.8,0,0,8.1,,135.98,0.0,0.0,0.0,97,34.63,,7,-2.0,3,90,1
2026-06-18,2026-06-12,91,18WFFUIsewmA8g31KAeo3e,The Prophecy,917383,161469,642168,0,917383,803637,79.9,20.1,0,0,8.0,,161.47,0.0,0.0,0.0,90,33.99,,-1,-7.7,3,87,1
2026-06-18,2026-06-12,92,3eX0NZfLtGzoLUxPNvRfqm,Maroon,872869,185453,611008,0,872869,796461,76.7,23.3,0,0,8.0,,185.45,0.0,0.0,0.0,83,35.98,,-9,-14.9,3,78,1
2026-06-18,2026-06-12,93,3Vevii7qKqrmW8CcyzBHDl,"So Long, London",908798,152934,636159,0,908798,789093,80.6,19.4,0,0,7.9,,152.93,0.0,0.0,0.0,86,34.79,,-7,-12.0,3,74,1
2026-06-18,2026-06-12,94,15DeqWWQB4dcEWzJg15VrN,Our Song,955755,110680,669028,0,955755,779708,85.8,14.2,0,0,7.8,,110.68,0.0,0.0,0.0,93,34.62,,-1,-6.9,3,93,1
2026-06-18,2026-06-12,95,73W5aXorr5vxrySFcoZqIN,Renegade,952184,110680,666529,0,952184,777209,85.8,14.2,0,0,7.8,,110.68,0.0,0.0,0.0,99,32.79,,4,-2.8,2,95,1
2026-06-18,2026-06-12,96,4GBbcyrbDzwRtQjrsDRywK,The Smallest Man Who Ever Lived,873343,149699,611340,0,873343,761039,80.3,19.7,0,0,7.6,,149.7,0.0,0.0,0.0,92,32.77,,-4,-10.1,3,82,1
2026-06-18,2026-06-12,97,3CWq0pAKKTWb0K4yiglDc4,You're Losing Me (From The Vault),994202,64477,695941,0,994202,760418,91.5,8.5,0,0,7.6,,64.48,0.0,0.0,0.0,95,35.04,,-2,-9.0,3,89,1
2026-06-18,2026-06-12,98,1tuNqJOtRQVHvONR8Lg3MZ,The Alchemy,877176,130849,614023,0,877176,744872,82.4,17.6,0,0,7.4,,130.85,0.0,0.0,0.0,100,31.56,,2,-6.2,3,93,1
2026-06-18,2026-06-12,99,3z6XUommYDWPHeFhmhhT6j,Message In A Bottle (Taylor's Version) (From The Vault),810895,156511,567626,0,810895,724137,78.4,21.6,0,0,7.2,,156.51,0.0,0.0,0.0,98,28.88,,-1,-10.8,2,98,1
2026-06-18,2026-06-12,100,1SymEzIT3H8UZfibCs3TYi,Afterglow,827778,129475,579445,0,827778,708920,81.7,18.3,0,0,7.1,,129.47,0.0,0.0,0.0,,30.11,RE,,,2,99,1
2026-06-25,2026-06-19,1,53iuhJlwXhSER5J2IYYv1W,The Fate of Ophelia,18363936,5490822,18066593,17372792,991144,23557415,76.7,23.3,0,0,235.6,25,3500.0,234.72,1756.11,1990.82,2,618.01,,1,-1.2,4,1,2
2026-06-25,2026-06-19,2,5uPaqMMt59KGrdKIitDRqa,"I Knew It, I Knew You",17995795,4886170,17355382,15861084,2134711,22241552,78.0,22.0,0,0,222.4,36,2572.9,700.24,1613.03,2313.27,1,745.82,,-1,-21.3,3,1,2
2026-06-25,2026-06-19,3,3yWuTOYDztXjZxdE2cIRUa,Opalite,9925493,2656105,9733865,9286733,638760,12389970,78.6,21.4,0,0,123.9,145,2081.11,80.77,494.23,574.99,3,340.01,,0,-2.6,4,2,1
2026-06-25,2026-06-19,4,1BxfuPKGuaTgP7aM0Bbdwr,Cruel Summer,8389730,1617453,6332262,1531503,6858227,7949715,79.7,20.3,0,0,79.5,,1295.33,0.0,322.12,322.12,4,276.37,,0,4.8,4,3,1
2026-06-25,2026-06-19,5,1u8c2t2Cy7UBoG4ArRcF5g,Blank Space,8769646,931232,6310104,571173,8198473,7241336,87.1,12.9,0,0,72.4,,882.78,0.0,48.45,48.45,5,282.79,,0,5.6,4,5,3
2026-06-25,2026-06-19,6,0ug5NqcwcFR2xrfTkc7k8e,Style,8590221,815765,6064653,171662,8418559,6880418,88.1,11.9,0,0,68.8,,733.47,0.0,82.3,82.3,6,275.54,,0,1.4,4,4,1
2026-06-25,2026-06-19,7,0cqRj7pUJDkTCEsJkx8snD,Shake It Off,6743206,869902,4720244,0,6743206,5590146,84.4,15.6,0,0,55.9,,864.53,0.0,5.37,5.37,7,208.68,,0,5.2,4,6,1
2026-06-25,2026-06-19,8,6YvqWjhGD8mB5QXcbcUKtx,Love Story,6782016,491059,4747411,0,6782016,5238470,90.6,9.4,0,0,52.4,,456.29,0.0,34.77,34.77,8,226.24,,0,-0.6,4,7,2
2026-06-25,2026-06-19,9,1qrpoAMXodY6895hGKoUpA,You Belong With Me,6586250,405601,4610375,0,6586250,5015976,91.9,8.1,0,0,50.2,,376.68,0.0,28.92,28.92,9,204.92,,0,5.4,4,9,4
2026-06-25,2026-06-19,10,1dGr1c8CrMLDpV6mPbImSI,Lover,4531000,1066603,3171700,0,4531000,4238303,74.8,25.2,0,0,42.4,,938.03,0.0,128.57,128.57,10,160.94,,0,-4.7,4,10,3
2026-06-25,2026-06-19,11,3AKV7Mvo2Mx4tb39iPvPlT,Elizabeth Taylor,3328483,1889647,2329938,0,3328483,4219585,55.2,44.8,0,0,42.2,,1847.24,0.0,42.4,42.4,12,116.91,,1,0.4,4,11,2
2026-06-25,2026-06-19,12,5enxwA8aAbwZbf5qCHORXi,All Too Well (10 Minute Version) (Taylor's Version) (From The Vault),5408325,344752,3785827,0,5408325,4130579,91.7,8.3,0,0,41.3,,283.76,0.0,60.99,60.99,13,182.47,,1,-1.3,4,12,2
2026-06-25,2026-06-19,13,4R2kfaDFhslZEMJqAFNpdd,cardigan,5071256,529828,3549879,0,5071256,4079707,87.0,13.0,0,0,40.8,,495.68,0.0,34.15,34.15,11,176.64,,-2,-4.5,4,11,2
2026-06-25,2026-06-19,14,4A4A6dwl5DqdqrZaEtKGPR,Wildest Dreams,5097861,405265,3568503,0,5097861,3973768,89.8,10.2,0,0,39.7,,345.58,0.0,59.69,59.69,15,169.64,,1,0.1,4,13,1
2026-06-25,2026-06-19,15,2OzhQlSqBEmt7hmkYxfT6m,Fortnight (feat. Post Malone),4021398,1119586,2814979,0,4021398,3934565,71.5,28.5,0,0,39.3,,1051.87,0.0,67.71,67.71,14,135.39,,-1,-3.5,4,8,1
2026-06-25,2026-06-19,16,3hUxzQpSfdDqwM3ZTFQY0K,august,4696897,377939,3287828,0,4696897,3665767,89.7,10.3,0,0,36.7,,360.83,0.0,17.11,17.11,16,161.87,,0,-3.2,4,16,3
2026-06-25,2026-06-19,17,72jCZdH0Lhg93z6Z4hBjgj,I Knew You Were Trouble.,3949520,787227,2764664,0,3949520,3551891,77.8,22.2,0,0,35.5,,787.23,0.0,0.0,0.0,17,130.52,,0,-2.5,4,15,1
2026-06-25,2026-06-19,18,2y5aJvzXhHPA94U5GFAcXe,I Don't Wanna Live Forever (Fifty Shades Darker),3804520,475381,2663164,0,3804520,3138545,84.9,15.1,0,0,31.4,,468.19,0.0,7.19,7.19,18,122.82,,0,1.0,4,17,1
2026-06-25,2026-06-19,19,04S1pkp1VaIqjg8zZqknR5,Enchanted,4120990,204864,2884693,0,4120990,3089557,93.4,6.6,0,0,30.9,,161.15,0.0,43.71,43.71,19,136.41,,0,0.4,4,18,1
2026-06-25,2026-06-19,20,6NFyWDv5CjfwuzoCkw47Xf,Delicate,3030484,466631,2121339,0,3030484,2587970,82.0,18.0,0,0,25.9,,445.44,0.0,21.19,21.19,22,93.94,,2,4.6,4,19,1
2026-06-25,2026-06-19,21,1R0a2iXumgCiFb7HEZ7gUE,Don't Blame Me,2913145,484654,2039201,0,2913145,2523855,80.8,19.2,0,0,25.2,,484.65,0.0,0.0,0.0,20,96.43,,-1,-0.0,4,20,2
2026-06-25,2026-06-19,22,0V3wPSX9ygBnCm8psDIegu,Anti-Hero,2884496,405408,2019147,0,2884496,2424555,83.3,16.7,0,0,24.2,,391.54,0.0,13.86,13.86,21,97.39,,-1,-3.3,4,21,2
2026-06-25,2026-06-19,23,2NlmmAjGYrrjAp0MED5rGx,Bad Blood,2732910,480501,1913037,0,2732910,2393538,79.9,20.1,0,0,23.9,,479.35,0.0,1.15,1.15,24,88.55,,1,2.1,4,22,1
2026-06-25,2026-06-19,24,6RRNNciQGZEXnqk8SQ9yv5,You Need To Calm Down,1349656,1321761,944759,0,1349656,2266520,41.7,58.3,0,0,22.7,,1304.04,0.0,17.72,17.72,26,45.68,,2,-1.4,4,24,1
2026-06-25,2026-06-19,25,1fzAuUVbzlhZ1lJAx9PtY6,Daylight,2787130,298900,1950991,0,2787130,2249891,86.7,13.3,0,0,22.5,,283.12,0.0,15.78,15.78,23,100.23,,-2,-8.0,4,23,2
2026-06-25,2026-06-19,26,4pvb0WLRcMtbPGmtejJJ6y,exile (feat. Bon Iver),2734352,308151,1914046,0,2734352,2222197,86.1,13.9,0,0,22.2,,308.15,0.0,0.0,0.0,25,94.87,,-1,-4.2,4,23,1
2026-06-25,2026-06-19,27,6oVxXO5oQ4pTpO8RSnkzvv,Dress,2810641,218630,1967449,0,2810641,2186079,90.0,10.0,0,0,21.9,,218.63,0.0,0.0,0.0,27,95.41,,0,-1.9,4,25,1
2026-06-25,2026-06-19,28,1P17dC1amhFzptugyAO7Il,Look What You Made Me Do,1768282,754574,1237797,0,1768282,1992371,62.1,37.9,0,0,19.9,,752.61,0.0,1.96,1.96,28,59.69,,0,-3.7,4,27,1
2026-06-25,2026-06-19,29,1MgV7FIyNxIG7WzMRJV5HC,my tears ricochet,2463435,253075,1724404,0,2463435,1977479,87.2,12.8,0,0,19.8,,253.07,0.0,0.0,0.0,29,84.42,,0,-4.3,4,29,2
2026-06-25,2026-06-19,30,4dgf2DYVJbtmy8zAYLs4c7,I Can Do It With a Broken Heart,2161056,366254,1512739,0,2161056,1878993,80.5,19.5,0,0,18.8,,366.25,0.0,0.0,0.0,30,78.06,,0,-8.2,4,28,2
2026-06-25,2026-06-19,31,0W0iAC1VGlB82PI6elxFYf,Guilty as Sin?,2338206,218778,1636744,0,2338206,1855522,88.2,11.8,0,0,18.6,,188.91,0.0,29.87,29.87,31,79.44,,0,-2.9,4,25,1
2026-06-25,2026-06-19,32,7AEAGTc8cReDqcbPoY9gwo,We Are Never Ever Getting Back Together,2216182,266892,1551327,0,2216182,1818219,85.3,14.7,0,0,18.2,,266.14,0.0,0.75,0.75,35,72.87,,3,-0.3,4,32,1
2026-06-25,2026-06-19,33,62V2ZHslgQV98gH4AuVXnr,Ruin The Friendship,2145649,309678,1501954,0,2145649,1811632,82.9,17.1,0,0,18.1,,298.67,0.0,11.01,11.01,34,72.87,,1,-2.4,4,30,1
2026-06-25,2026-06-19,34,2TEQvxxQabwLQMqWMg1qGu,Wi$h Li$t,2239858,196662,1567901,0,2239858,1764563,88.9,11.1,0,0,17.6,,188.9,0.0,7.76,7.76,32,79.76,,-2,-5.8,4,32,1
2026-06-25,2026-06-19,35,5eXgqtg3T8Av0m1FUaGHex,The Life of a Showgirl (feat. Sabrina Carpenter),1991697,348254,1394188,0,1991697,1742442,80.0,20.0,0,0,17.4,,348.25,0.0,0.0,0.0,33,70.84,,-2,-6.4,4,32,1
2026-06-25,2026-06-19,36,2yLa0QULdQr0qAIvVwN6B5,...Ready For It?,1871551,425420,1310086,0,1871551,1735506,75.5,24.5,0,0,17.4,,425.42,0.0,0.0,0.0,36,61.3,,0,-1.7,4,33,1
2026-06-25,2026-06-19,37,03bTIHJElXZ0O0jqOQvAbY,Father Figure,1928827,309264,1350179,0,1928827,1659443,81.4,18.6,0,0,16.6,,307.19,0.0,2.08,2.08,37,65.69,,0,-3.0,4,33,1
2026-06-25,2026-06-19,38,0VE4kBnHJUgtMf0dy6DRmW,Getaway Car,1904596,229726,1333217,0,1904596,1562943,85.3,14.7,0,0,15.6,,229.73,0.0,0.0,0.0,39,64.41,,1,-1.9,4,37,1
2026-06-25,2026-06-19,39,4D7BCuvgdJlYvlX5WlN54t,"You're On Your Own, Kid",1901461,222846,1331023,0,1901461,1553869,85.7,14.3,0,0,15.5,,222.85,0.0,0.0,0.0,38,69.25,,-1,-6.8,4,38,2
2026-06-25,2026-06-19,40,3YkNIrAvbKNrrwwEd7NVLl,loml,1865082,223401,1305557,0,1865082,1528958,85.4,14.6,0,0,15.3,,221.93,0.0,1.47,1.47,40,61.47,,0,0.5,4,40,3
2026-06-25,2026-06-19,41,045ZeOHPIzhxxsm8bq5kyE,Out Of The Woods,1729112,286771,1210378,0,1729112,1497149,80.8,19.2,0,0,15.0,,278.49,0.0,8.28,8.28,41,55.4,,0,-1.1,4,39,1
2026-06-25,2026-06-19,42,45R112Jz5hQeKgITXgSXzs,Karma,1545713,411480,1081999,0,1545713,1493479,72.4,27.6,0,0,14.9,,411.48,0.0,0.0,0.0,44,51.11,,2,3.2,4,41,1
2026-06-25,2026-06-19,43,1J1ldDi3rMQlRi49gaba0a,So High School,1839276,158337,1287493,0,1839276,1445830,89.0,11.0,0,0,14.5,,156.03,0.0,2.31,2.31,42,63.16,,-1,-3.1,4,39,1
2026-06-25,2026-06-19,44,0lx2cLdOt3piJbcaXIV74f,willow,1626410,292564,1138487,0,1626410,1431051,79.6,20.4,0,0,14.3,,274.04,0.0,18.52,18.52,43,54.5,,-1,-1.1,4,43,1
2026-06-25,2026-06-19,45,0P9wLFurlgumLXuqFEpw52,the 1,1579965,286102,1105976,0,1579965,1392078,79.4,20.6,0,0,13.9,,286.1,0.0,0.0,0.0,46,49.79,,1,3.0,4,45,1
2026-06-25,2026-06-19,46,3RauEVgRgj1IuWdJ9fDs70,The Man,1533672,237925,1073570,0,1533672,1311495,81.9,18.1,0,0,13.1,,237.06,0.0,0.86,0.86,45,53.05,,-1,-5.0,4,44,1
2026-06-25,2026-06-19,47,2x3mwb96B6TquRqMtbxUE1,Actually Romantic,1514258,228015,1059981,0,1514258,1287996,82.3,17.7,0,0,12.9,,228.02,0.0,0.0,0.0,47,52.8,,0,-4.7,4,43,1
2026-06-25,2026-06-19,48,5l6GqSxplqnZbLg0LTPQeG,Back To December,1636109,111508,1145276,0,1636109,1256784,91.1,8.9,0,0,12.6,,110.68,0.0,0.83,0.83,56,55.58,,8,6.2,4,48,1
2026-06-25,2026-06-19,49,22bPsP2jCgbLUvh82U0Z3M,The Way I Loved You,1587256,132813,1111079,0,1587256,1243892,89.3,10.7,0,0,12.4,,132.81,0.0,0.0,0.0,51,51.07,,2,2.2,4,49,1
2026-06-25,2026-06-19,50,4qmFC3Jz5aQ0erlk2OSi2X,Honey,1346414,294144,942490,0,1346414,1236634,76.2,23.8,0,0,12.4,,294.14,0.0,0.0,0.0,48,49.18,,-2,-8.1,4,45,1
2026-06-25,2026-06-19,51,2ULNeSomDxVNmdDy8VxEBU,22,1505537,175462,1053876,0,1505537,1229338,85.7,14.3,0,0,12.3,,172.26,0.0,3.2,3.2,52,48.51,,1,1.6,4,51,1
2026-06-25,2026-06-19,52,5ylJtmaWPJ33cW3En7WOu0,Wood,1471775,198375,1030242,0,1471775,1228617,83.9,16.1,0,0,12.3,,198.38,0.0,0.0,0.0,49,50.46,,-3,-3.5,4,47,1
2026-06-25,2026-06-19,53,4OAuvHryIVv4kMDNSLuPt6,Red,1566260,131048,1096382,0,1566260,1227430,89.3,10.7,0,0,12.3,,131.05,0.0,0.0,0.0,50,52.37,,-3,-0.7,4,50,2
2026-06-25,2026-06-19,54,1GwMQaZz6Au3QLDbjbMdme,Call It What You Want,1472822,136343,1030975,0,1472822,1167318,88.3,11.7,0,0,11.7,,136.34,0.0,0.0,0.0,53,50.74,,-1,-3.4,4,50,1
2026-06-25,2026-06-19,55,1appZ3c336FkPvCuywfmrs,CANCELLED!,1286512,255076,900558,0,1286512,1155634,77.9,22.1,0,0,11.6,,253.59,0.0,1.48,1.48,57,44.21,,2,-2.1,4,48,1
2026-06-25,2026-06-19,56,4y5bvROuBDPr5fuwXbIBZR,Paper Rings,1524773,81644,1067341,0,1524773,1148985,92.9,7.1,0,0,11.5,,79.19,0.0,2.46,2.46,55,50.68,,-1,-4.8,4,55,1
2026-06-25,2026-06-19,57,62HoDY1Km6lm47haFpUn9c,Eldest Daughter,1155826,304940,809078,0,1155826,1114018,72.6,27.4,0,0,11.1,,303.32,0.0,1.62,1.62,54,41.43,,-3,-7.8,4,49,1
2026-06-25,2026-06-19,58,2F3N9tdombb64aW6VtZOdo,Down Bad,1279507,212940,895655,0,1279507,1108595,80.8,19.2,0,0,11.1,,212.02,0.0,0.92,0.92,58,44.4,,0,-5.6,4,49,1
2026-06-25,2026-06-19,59,2NmsngXHeC1GQ9wWrzhOMf,illicit affairs,1323539,169943,926477,0,1323539,1096420,84.5,15.5,0,0,11.0,,169.94,0.0,0.0,0.0,59,45.36,,0,-2.9,4,59,2
2026-06-25,2026-06-19,60,0sY6ZUTh4yoctD8VIXz339,champagne problems,1268481,191673,887937,0,1268481,1079610,82.2,17.8,0,0,10.8,,190.89,0.0,0.78,0.78,62,43.23,,2,-1.4,4,60,1
2026-06-25,2026-06-19,61,3zwMVvkBe2qIKDObWgXw4N,right where you left me - bonus track,1365138,123192,955597,0,1365138,1078789,88.6,11.4,0,0,10.8,,121.46,0.0,1.73,1.73,60,47.85,,-1,-4.3,4,57,1
2026-06-25,2026-06-19,62,7kt9e9LFSpN1zQtYEl19o1,this is me trying,1345048,127796,941534,0,1345048,1069330,88.0,12.0,0,0,10.7,,127.8,0.0,0.0,0.0,61,45.37,,-1,-2.6,4,61,1
2026-06-25,2026-06-19,63,7qEUFOVcxRI19tbT68JcYK,Everything Has Changed (feat. Ed Sheeran),1360758,110680,952531,0,1360758,1063211,89.6,10.4,0,0,10.6,,110.68,0.0,0.0,0.0,68,43.8,,5,3.2,4,63,2
2026-06-25,2026-06-19,64,4zmKGsrXjLmljb5fTaBTot,Snow On The Beach (feat. More Lana Del Rey),1227792,200877,859454,0,1227792,1060331,81.1,18.9,0,0,10.6,,194.98,0.0,5.9,5.9,64,41.8,,0,-2.0,4,60,2
2026-06-25,2026-06-19,65,77sMIMlNaSURUAXq5coCxE,Fearless,1309871,136566,916910,0,1309871,1053476,87.0,13.0,0,0,10.5,,136.57,0.0,0.0,0.0,63,45.15,,-2,-3.2,4,62,1
2026-06-25,2026-06-19,66,3nRmDz7qGCvsMS30rGGY0x,Welcome To New York,1201353,195276,840947,0,1201353,1036223,81.2,18.8,0,0,10.4,,194.14,0.0,1.14,1.14,65,41.07,,-1,-3.1,4,65,1
2026-06-25,2026-06-19,67,3rWDp9tBPQR9z6U5YyRSK4,Midnight Rain,1214620,171533,850234,0,1214620,1021767,83.2,16.8,0,0,10.2,,170.3,0.0,1.24,1.24,67,41.05,,0,-1.6,4,63,1
2026-06-25,2026-06-19,68,0hhzNPE68LWLfgZwdpxVdR,us. (feat. Taylor Swift),1019669,298115,713768,0,1019669,1011883,70.5,29.5,0,0,10.1,,298.12,0.0,0.0,0.0,66,33.93,,-2,-3.9,4,58,1
2026-06-25,2026-06-19,69,2XXwLdtuAcE0HSCu61ijAb,My Boy Only Breaks His Favorite Toys,943102,306089,660171,0,943102,966260,68.3,31.7,0,0,9.7,,306.09,0.0,0.0,0.0,69,32.76,,0,-5.4,4,58,1
2026-06-25,2026-06-19,70,4WBEj8TeGtRPNJdOmT3WJW,This Love,1123182,170203,786227,0,1123182,956430,82.2,17.8,0,0,9.6,,170.2,0.0,0.0,0.0,75,36.32,,5,1.4,4,70,1
2026-06-25,2026-06-19,71,5jQI2r1RdgtuT8S3iG8zFC,Lavender Haze,1048759,219489,734131,0,1048759,953620,77.0,23.0,0,0,9.5,,219.49,0.0,0.0,0.0,74,35.32,,3,-1.8,4,69,1
2026-06-25,2026-06-19,72,6kl8thRysTeVV3WvKxgZAy,Who's Afraid of Little Old Me?,1063351,208865,744346,0,1063351,953211,78.1,21.9,0,0,9.5,,208.87,0.0,0.0,0.0,70,36.37,,-2,-4.5,4,64,1
2026-06-25,2026-06-19,73,12M5uqx0ZuwkpLp5rJim1a,Cornelia Street,1137396,156853,796177,0,1137396,953030,83.5,16.5,0,0,9.5,,156.85,0.0,0.0,0.0,72,37.96,,-1,-3.2,4,69,1
2026-06-25,2026-06-19,74,6VsvKPJ4xjVNKpI8VVZ3SV,invisible string,1118122,167770,782685,0,1118122,950455,82.3,17.7,0,0,9.5,,167.77,0.0,0.0,0.0,71,38.98,,-3,-4.6,4,71,1
2026-06-25,2026-06-19,75,2x0WlnmfG39ZuDmstl9xfX,End Game,947657,272229,663360,0,947657,935589,70.9,29.1,0,0,9.4,,271.15,0.0,1.08,1.08,73,31.0,,-2,-3.7,4,68,1
2026-06-25,2026-06-19,76,214nt20w5wOxJnY462klLw,Miss Americana & The Heartbreak Prince,948895,257910,664226,0,948895,922136,72.0,28.0,0,0,9.2,,257.91,0.0,0.0,0.0,77,31.5,,1,0.7,4,73,1
2026-06-25,2026-06-19,77,5jQyGzcwqAxwT5QUIMivoX,mirrorball,1147750,116972,803425,0,1147750,920397,87.3,12.7,0,0,9.2,,116.97,0.0,0.0,0.0,79,36.51,,2,2.0,4,77,1
2026-06-25,2026-06-19,78,4svZDCRz4cJoneBpjpx8DJ,I Did Something Bad,824759,332127,577331,0,824759,909458,63.5,36.5,0,0,9.1,,332.13,0.0,0.0,0.0,81,26.98,,3,3.0,4,78,1
2026-06-25,2026-06-19,79,3pHkh7d0lzM2AldUtz2x37,The Archer,1140458,108511,798321,0,1140458,906832,88.0,12.0,0,0,9.1,,108.51,0.0,0.0,0.0,80,37.05,,1,1.3,4,79,1
2026-06-25,2026-06-19,80,3qoftcUZaUOncvIYjFSPdE,Bejeweled,963866,188222,674706,0,963866,862928,78.2,21.8,0,0,8.6,,188.22,0.0,0.0,0.0,76,34.06,,-4,-7.7,4,76,1
2026-06-25,2026-06-19,81,0CD7DzeCsuPJygddqlUVYa,"""Slut!"" (Taylor's Version) (From The Vault)",1118707,72378,783095,0,1118707,855473,91.5,8.5,0,0,8.6,,67.34,0.0,5.04,5.04,78,37.28,,-3,-5.5,4,78,1
2026-06-25,2026-06-19,82,1ZY1PqizIl78geGM4xWlEA,Gorgeous,970105,173399,679074,0,970105,852473,79.7,20.3,0,0,8.5,,173.4,0.0,0.0,0.0,82,32.75,,0,-3.2,4,79,1
2026-06-25,2026-06-19,83,2Rk4JlNc2TPmZe2af99d45,ME! (feat. Brendon Urie of Panic! At The Disco),858403,250187,600882,0,858403,851069,70.6,29.4,0,0,8.5,,247.76,0.0,2.43,2.43,84,28.65,,1,-3.2,4,83,1
2026-06-25,2026-06-19,84,5og4Qzt92jJzVDkOtSEilb,But Daddy I Love Him,907073,206484,634951,0,907073,841435,75.5,24.5,0,0,8.4,,206.48,0.0,0.0,0.0,85,31.69,,1,-3.9,4,71,1
2026-06-25,2026-06-19,85,5hQSXkFgbxjZo9uCwd11so,False God,983052,153062,688136,0,983052,841198,81.8,18.2,0,0,8.4,,150.72,0.0,2.34,2.34,87,31.96,,2,1.8,4,85,2
2026-06-25,2026-06-19,86,6IG3sQ8s9nfk6TUlVzRhbN,Is It Over Now? (Taylor's Version) (From The Vault),961502,146370,673051,0,961502,819421,82.1,17.9,0,0,8.2,,146.37,0.0,0.0,0.0,86,32.41,,0,-1.5,4,70,1
2026-06-25,2026-06-19,87,7G0gBu6nLdhFDPRLc0HdDG,Mine,950821,146843,665575,0,950821,812418,81.9,18.1,0,0,8.1,,146.84,0.0,0.0,0.0,88,31.25,,1,-1.2,4,87,1
2026-06-25,2026-06-19,88,1By2VQkUN0Frd8mKNV5NYC,Better Than Revenge,993804,110680,695663,0,993804,806343,86.3,13.7,0,0,8.1,,110.68,0.0,0.0,0.0,89,33.7,,1,-1.5,4,88,1
2026-06-25,2026-06-19,89,3eX0NZfLtGzoLUxPNvRfqm,Maroon,899943,171601,629960,0,899943,801561,78.6,21.4,0,0,8.0,,171.6,0.0,0.0,0.0,92,29.1,,3,0.6,4,78,1
2026-06-25,2026-06-19,90,4bBDkw2KBMX0tcgAaXC83Q,Labyrinth,983520,86560,688464,0,983520,775024,88.8,11.2,0,0,7.8,,86.56,0.0,0.0,0.0,83,35.81,,-7,-12.0,4,83,2
2026-06-25,2026-06-19,91,3CWq0pAKKTWb0K4yiglDc4,You're Losing Me (From The Vault),1033624,49957,723537,0,1033624,773494,93.5,6.5,0,0,7.7,,49.96,0.0,0.0,0.0,97,33.14,,6,1.7,4,89,1
2026-06-25,2026-06-19,92,15DeqWWQB4dcEWzJg15VrN,Our Song,941980,110680,659386,0,941980,770066,85.6,14.4,0,0,7.7,,110.68,0.0,0.0,0.0,94,31.86,,2,-1.2,4,92,1
2026-06-25,2026-06-19,93,18WFFUIsewmA8g31KAeo3e,The Prophecy,923498,122790,646449,0,923498,769239,84.0,16.0,0,0,7.7,,122.79,0.0,0.0,0.0,91,30.58,,-2,-4.3,4,87,1
2026-06-25,2026-06-19,94,3Vevii7qKqrmW8CcyzBHDl,"So Long, London",884560,149428,619192,0,884560,768620,80.6,19.4,0,0,7.7,,149.43,0.0,0.0,0.0,93,30.29,,-1,-2.6,4,74,1
2026-06-25,2026-06-19,95,4GBbcyrbDzwRtQjrsDRywK,The Smallest Man Who Ever Lived,872735,147178,610914,0,872735,758092,80.6,19.4,0,0,7.6,,147.18,0.0,0.0,0.0,96,29.11,,1,-0.4,4,82,1
2026-06-25,2026-06-19,96,5M787RexsAiVYjQusM98CV,New Romantics,950843,92014,665590,0,950843,757604,87.9,12.1,0,0,7.6,,92.01,0.0,0.0,0.0,90,32.04,,-6,-6.3,4,90,1
2026-06-25,2026-06-19,97,1tuNqJOtRQVHvONR8Lg3MZ,The Alchemy,872187,127693,610531,0,872187,738224,82.7,17.3,0,0,7.4,,127.69,0.0,0.0,0.0,98,29.24,,1,-0.9,4,93,1
2026-06-25,2026-06-19,98,2CYVETnhM9aytqrazYYwrK,Mr. Perfectly Fine (Taylor's Version) (From The Vault),825830,110680,578081,0,825830,688761,83.9,16.1,0,0,6.9,,110.68,0.0,0.0,0.0,,28.0,NEW,,,1,98,1
2026-06-25,2026-06-19,99,05GsNucq8Bngd9fnd4fRa0,Begin Again,810495,110680,567346,0,810495,678026,83.7,16.3,0,0,6.8,,110.68,0.0,0.0,0.0,,26.32,NEW,,,1,99,1
2026-06-25,2026-06-19,100,3ZVFcD8Wlw9T9klGqmJf9F,Florida!!! (feat. Florence + The Machine),759400,141674,531580,0,759400,673254,79.0,21.0,0,0,6.7,,141.67,0.0,0.0,0.0,,24.55,RE,,,2,97,1
